sifrapu,lat,lon
10995,46.049057,14.4972455
11118,46.0498293,14.4977177
12114,46.0516009,14.4991797
12122,46.0516009,14.4991797
12130,46.0559419,14.5052774
12149,46.0655819,14.5090986
12157,46.056071,14.5356146
12165,46.0575941,14.5093737
12173,46.0478557,14.5013041
13110,46.0523563,14.502096
13129,46.0554228,14.5050605
13145,46.0559419,14.5052774
13153,46.0655819,14.5090986
13161,46.082788,14.5139668
14117,46.0487842,14.4983737
15113,46.049057,14.4972455
15121,46.0498293,14.4977177
15156,46.0494817,14.4998506
15172,46.0495824,14.5065169
15180,46.0487842,14.4983737
15229,46.0823081,14.4964146
15237,46.0487842,14.4983737
15245,46.0531162,14.5012704
15326,46.048907,14.4978102
15350,46.048907,14.4978102
15377,46.0494817,14.4998506
15407,46.0487842,14.4983737
15415,46.0539839,14.5128894
16110,46.0531162,14.5012704
16152,46.0526198,14.5025106
16179,46.0561551,14.5055664
16187,46.063655,14.5085573
16195,46.0384398,14.4669985
16209,46.0641693,14.5280845
16411,46.0458792,14.4903934
16420,46.0516838,14.5117993
16438,46.409,16.1509677
16446,46.0501882,14.4999565
16462,46.5631517,15.6570853
16470,46.0520118,14.4972211
16527,46.0553688,14.5154062
16535,46.0462632,14.489921
16543,46.2431349,14.3557415
16551,46.5600177,15.6373606
16560,46.0562912,14.5121435
16586,46.0562912,14.5121435
16594,46.0712027,14.514757
16608,46.0660317,14.5092631
16900,46.1540221,15.235297
17116,46.0533917,14.5035115
17140,46.0533917,14.5035115
17159,46.0533917,14.5035115
18112,46.0517091,14.4986584
18406,46.6513295,16.3520817
18422,45.5463196,13.7288436
18430,46.5735965,16.4480421
18449,46.561933,16.4526425
18457,46.7424574,16.3089859
18465,45.5286042,13.5690385
18473,45.5384855,13.6582233
18481,45.5463196,13.7288436
18490,46.7944861,16.2346694
18503,46.8275667,16.3252599
19119,46.0714359,14.5190524
19127,46.0726586,14.5192079
19135,46.0726586,14.5192079
19143,46.0714359,14.5190524
19151,46.0714359,14.5190524
19410,45.8850337,13.9044645
19429,46.2402233,15.2655979
19437,45.5389671,13.7326358
19445,46.2546982,14.3549566
19453,45.956322,15.4899527
19461,46.0687484,14.5169354
19470,46.5402891,15.6436507
19488,45.9609911,13.6508918
19496,45.8131966,15.1742396
19500,46.5440676,14.9617233
19518,45.7035594,13.8716019
19526,46.1675296,15.0519946
19534,46.430114,14.0751124
20117,46.0574219,14.5051416
20303,46.0531162,14.5012704
20311,46.0605046,14.4990822
20320,46.0455295,14.4913182
21113,46.0540344,14.5125251
21202,46.0564981,14.5142612
21210,46.0564981,14.5142612
21300,46.0539839,14.5128894
21318,46.0544225,14.5130372
21326,46.2377689,15.2621748
21334,46.082788,14.5139668
21415,45.548059,13.7301877
21423,46.625456,16.3144961
21431,46.6627326,16.163722
21440,46.0569465,14.5057515
21474,45.6820504,13.9672858
21482,46.5522165,15.6514871
21490,45.5670276,14.242777
21504,46.2255573,14.611557
21515,46.2397495,15.2677063
21520,46.2225695,15.3976322
21539,46.3936753,15.5737825
21547,46.5186103,16.1951967
21563,46.2723542,13.9550601
21571,46.3685504,15.1027615
21585,46.1677127,14.3117482
21598,46.4423751,14.028445
21601,45.6440186,14.8604293
21628,46.338281,13.5522291
21635,46.6767099,15.9910846
21644,46.5616053,15.6425855
21652,46.049303,14.4604421
21660,46.0693078,14.5484774
21687,46.2475642,13.5791703
21695,46.1819984,13.7336164
23116,46.0658916,14.510004
23302,46.062171,14.5090802
23310,46.082788,14.5139668
23329,46.0658916,14.510004
23337,46.0658916,14.510004
23345,46.0651055,14.5134751
23353,46.0810136,14.4965361
23361,46.0660317,14.5092631
23370,46.062171,14.5090802
23418,45.667391,13.8794153
23426,46.0524331,14.4811995
23450,46.0700475,14.4879391
23469,46.0700475,14.4879391
23477,46.5670885,15.639784
23485,46.4162887,15.8819969
23493,46.2460256,15.2856615
23507,45.9604797,13.6589245
23515,46.6626077,16.1461058
23523,46.241532,14.3544438
23531,45.7990031,15.1609121
24112,46.0456679,14.4921051
24155,46.0458923,14.4919609
24180,46.0458923,14.4919609
24309,46.0455145,14.4921606
24317,46.0462796,14.4919123
24325,45.5483782,13.7250311
24333,46.0463794,14.5172698
24341,46.0444942,14.5079989
25119,46.0640071,14.5092494
25127,46.0463794,14.5172698
25224,46.0640756,14.5082621
25232,46.3628513,14.082058
25305,45.5210281,15.31361
25313,45.965147,15.4861124
25330,45.5152173,13.5967761
25348,45.9894784,14.4027237
25410,46.0408474,15.590311
25429,46.3684299,14.1189503
25437,45.6634063,13.99333
25445,46.0488117,14.493933
26115,46.0563048,14.5141708
26131,46.0781265,14.5012208
26409,46.0574467,14.5101058
26417,46.0610774,14.5073058
26425,46.0474981,14.4829955
26433,46.0437782,14.5115343
26441,46.5416406,15.6202767
26450,46.5586095,15.6344315
26468,45.8828062,13.9133448
26476,46.2293226,15.258623
26484,45.5798532,15.1852576
26492,46.1376435,14.5958749
26506,46.5891771,14.9986551
26514,45.9632016,14.6624771
26522,46.1416728,15.0821643
26530,46.0029454,14.0278459
26549,45.5672559,14.2484342
26557,45.5394067,13.6607332
26565,46.4425892,14.0395103
26573,46.2291031,14.6181342
26581,46.5257075,15.6790174
26590,45.6398552,14.8669093
26603,45.5412748,13.7071534
26611,46.2344395,14.360882
26620,45.944348,15.4850338
26638,46.5681094,16.4489881
26646,46.0538279,14.515034
26654,46.0513275,14.4482349
26662,46.0842782,14.5128491
26670,46.0535566,14.5420414
26689,46.0795064,14.4750271
26697,45.9189528,14.2173441
26700,46.5545941,15.6693721
26719,46.1685379,14.5730343
26727,45.6497242,15.3181625
26735,46.6497133,16.19054
26743,45.8836919,13.7186378
26751,45.9521095,13.6480089
26760,45.7958789,15.1650002
26778,46.2837904,15.0749387
26786,45.7662665,14.2133591
26794,46.3055551,14.4330195
26808,46.4242059,15.8735994
26816,46.3432814,14.1791615
26824,46.0564082,15.2081648
26832,45.9916671,15.3554381
26840,45.7081743,13.86385
26859,46.3046115,15.5806947
26867,46.3382036,15.4199341
26875,46.2227782,15.4004853
26883,46.2267836,15.5174903
26891,46.213435,13.9717408
26905,46.1501628,15.0528148
26913,45.9082824,15.0173781
26921,46.3531774,14.2895404
26930,46.3644772,15.1127561
26948,45.9642956,14.2889586
26956,46.1551194,14.9290036
26964,46.2851572,15.1932737
26972,46.2444916,15.2683554
26980,46.4687055,14.8549066
26999,46.2153198,15.3912181
27111,46.0535247,14.5028274
27138,46.0444942,14.5079989
27146,46.0525178,14.5071495
27154,46.0533262,14.5054906
27170,46.0533262,14.5054906
27405,46.0553961,14.5075806
27413,45.8860671,13.9053569
27421,45.9083784,15.5939772
27430,46.2313264,15.2654311
27448,45.5693104,14.2426509
27456,46.2241023,14.6098774
27464,45.6388842,14.8654036
27472,45.548338,13.728965
27480,46.2476738,14.3532341
27499,45.9444675,15.4861752
27502,46.053638,14.5101765
27510,46.5323815,15.6653686
27529,46.3406206,14.9609953
27537,46.6607012,16.1634749
27545,45.9576499,13.6457656
27553,45.8017547,15.1627116
27561,46.4076285,16.1439305
27570,46.420479,15.8739878
27588,46.5434281,14.9681556
27596,45.7421466,14.7263894
27600,46.0105157,15.3018226
27618,46.3921403,15.5721774
27626,46.1550176,15.0482231
27634,46.3614074,15.1164618
27642,46.2509602,15.1619229
27650,46.0762923,14.5058932
27669,45.8890462,14.446326
27677,45.9089513,15.5937023
27685,46.2344534,15.2644783
27693,46.006684,14.0215924
27707,45.9538189,14.8358997
27715,45.5441545,13.688951
27723,46.4429959,14.0369718
27731,45.5805124,13.7292126
27740,46.2486692,14.3542226
27758,46.0516715,14.5065828
27766,46.3297761,14.3321336
27774,46.052143,14.5207969
27782,46.052143,14.5207969
27790,46.0522665,14.5715746
27804,46.0673801,14.5239259
27812,46.5528861,15.6486935
27820,46.6500626,16.187267
27839,45.8004558,15.1633517
27847,46.4072051,16.1406554
27855,45.7713457,14.2097594
27863,46.4259866,15.8771186
27871,46.3770365,14.2018056
27880,45.7088793,13.8672998
27898,46.5080548,15.0810175
27901,45.9302039,13.6408348
27910,46.4016065,15.0205669
27928,46.1539044,15.0471856
27936,46.2839295,15.3049116
27944,45.886361,13.9036566
27952,45.9083784,15.5939772
27960,46.2317184,15.2625659
27979,45.790841,14.365359
27987,45.5753718,15.1879098
27995,46.1395471,14.5969587
28401,46.0830213,14.4862277
30007,45.856609,14.6461007
30015,46.3337575,15.2259523
30023,46.431704,15.9463691
30031,45.9474849,14.5478269
30040,46.5427468,16.1504244
30058,46.5656132,15.7881635
30066,46.0246636,14.8309611
30074,46.3476476,14.1591116
30082,45.7644955,13.82893
30090,46.1710793,14.2996335
30104,45.88819,13.9031248
30112,45.9044006,15.5921963
30120,46.2470078,15.2709791
30139,45.7936045,14.3629697
30147,45.5756668,15.1892687
30155,46.1386577,14.5941109
30163,46.5872544,15.0260077
30171,46.6770121,15.9906677
30180,45.9560468,14.6631578
30198,46.1454283,15.0835398
30201,46.0036415,14.0283793
30210,45.5615466,14.2449285
30228,45.5299167,13.6668823
30236,46.4327934,14.061468
30244,46.2239081,14.6127646
30252,45.6406202,14.8583236
30260,45.5481506,13.7347147
30279,46.2431241,14.3548055
30287,45.9670243,15.4849836
30295,46.1537739,15.2366107
30309,46.5771945,15.8280701
30317,46.569003,16.4494469
30325,46.0572467,14.8216741
30333,46.0541846,14.5052069
30341,46.0444952,14.4857324
30350,46.0655038,14.5075567
30368,46.0561647,14.5384831
30376,46.0735182,14.4866148
30384,46.5179931,16.198403
30392,45.9176752,14.2226476
30406,46.5315113,15.6647574
30414,45.6453864,15.3162678
30422,46.3405884,14.9651944
30430,46.659508,16.1660647
30449,45.9557423,13.6456025
30457,45.800158,15.1702494
30465,46.4079793,16.1451694
30473,46.6090269,15.6779261
30481,45.5034875,13.6033706
30490,45.7736257,14.2123401
30503,46.4210057,15.8742912
30511,46.6145074,15.2245651
30520,46.3458184,14.1733555
30538,46.5387056,14.9621464
30546,45.7383304,14.7278703
30554,46.5415639,15.5177978
30562,46.0100847,15.3025607
30570,45.7067522,13.8696609
30589,46.508225,15.0778816
30597,46.3902856,15.5720441
30600,46.3392731,15.4280326
30619,46.2171091,15.395424
30627,46.1695466,14.3095456
30635,46.230829,15.5250245
30643,46.1822668,13.734032
30651,46.156806,15.0536384
30660,45.9077523,15.0076992
30678,46.3647483,14.308815
30686,46.3596724,15.1130845
30694,45.9703537,14.3008398
30708,46.1330292,14.9966999
30716,46.2529573,15.1619193
30732,46.2512131,14.3511418
30740,46.0665555,14.4880559
30759,46.5473266,15.6430268
30767,45.7954045,15.1643465
30775,46.1358136,15.002255
30791,45.9019759,15.5949902
30805,46.3269712,15.0355629
30813,46.0469485,14.4935354
30848,46.1378194,14.5908862
30856,46.1595079,14.5630948
30864,45.9418386,15.4776864
30872,46.054619,14.561091
30899,46.5476725,14.9268324
30902,46.5211513,16.1935297
30910,46.6542895,16.1677388
30929,45.5697779,15.1944071
30937,45.5485716,13.7281032
30945,45.7751762,14.2071587
30953,46.184781,13.7381365
30961,46.048498,14.5298209
30970,46.56039,15.6521007
30988,46.3635291,15.116083
30996,46.5075851,15.0768162
31003,46.2272049,15.2659947
31011,45.9556247,13.6401582
31020,46.002061,14.0252006
31038,45.9709541,13.6430011
31046,45.8392593,13.9588552
31054,45.8034128,15.1692472
31062,46.0576191,14.5034254
31070,46.0886582,14.6406301
31119,46.0455295,14.4913182
31127,46.0455295,14.4913182
32115,46.0574226,14.509497
33111,46.0573371,14.5147708
33308,46.0576404,14.5161721
33316,46.0576404,14.5161721
33324,46.0455428,14.5067203
33332,46.0645018,14.5098466
33405,46.0562368,14.5173696
33413,46.0455439,14.5065918
33421,46.055581,14.515478
34401,46.042021,14.4917838
34428,46.0429236,14.4875605
34436,46.0452652,14.4946318
34452,46.0425187,14.4928656
34460,46.0512363,14.4699693
34479,46.0422438,14.4920694
34495,45.7957248,14.3619178
34525,46.2496663,15.1619099
34533,46.1290476,14.476287
34541,46.0497179,14.4606558
34576,46.0706399,14.5145134
34584,46.4201146,15.8702117
34606,46.0401692,14.4865784
34614,46.0737809,14.5153119
34630,46.0502619,14.4962454
34673,46.0712592,14.5138743
34681,46.051933,14.5024802
34690,46.5630655,15.6516309
34720,46.0506759,14.5034179
34738,46.0477862,14.5045409
34770,46.0524331,14.4811995
34789,46.0432334,14.505803
34800,46.0455893,14.4957638
34819,46.5568733,15.6642388
34827,46.0605395,14.5178298
34843,46.0693078,14.5484774
35114,46.0562241,14.5175592
35130,46.0455428,14.5067203
35149,46.0560549,14.5158289
35408,46.5735965,16.4480421
35416,46.238001,15.6350984
35432,46.0565261,14.830109
35440,46.052106,14.499309
35459,46.5518663,15.6439792
35467,46.0827664,14.4857811
35475,46.3439191,14.1712944
35483,46.150242,15.0441166
35491,46.146409,15.0836455
35505,46.1345641,14.9953657
35513,46.0544261,14.5086717
35521,46.2281029,15.5186156
35530,46.3776865,15.0459923
35548,46.2309438,15.262049
35556,46.4352563,14.0620143
35564,46.2380879,14.35538
35572,46.5650476,16.4524013
35580,46.0495257,14.504501
35599,46.240438,15.6305299
35602,46.0546714,14.4927009
35610,46.0525598,14.5010276
35629,46.0492103,14.5012191
35637,46.0519826,14.5046555
35645,46.050341,14.5100384
35653,46.0612567,14.509505
35661,46.5602095,15.6444241
35670,46.5570365,15.6422263
35688,45.9562789,13.64965
35696,46.4202721,15.8706081
35700,46.3569173,15.1155967
35715,46.2287136,15.2605559
35726,46.1377739,14.5904518
35734,46.1451739,15.0837185
35742,45.9578623,15.4953639
35750,46.1542793,15.2359978
35769,46.0569465,14.5057515
35777,46.0505792,14.498087
35785,46.0470052,14.5038189
35793,46.5406276,15.5188875
35807,46.0612567,14.509505
35815,46.0569465,14.5057515
35823,46.5182727,16.1955973
35831,46.558706,15.6415789
35840,46.5574516,15.6492156
35858,46.6601461,16.1634218
35866,45.9573814,13.6473728
35874,45.8045552,15.1632346
35882,45.5289918,13.5683506
35890,45.5152173,13.5967761
35904,45.7381847,14.7281961
35912,45.7067579,13.8702387
35920,46.5093107,15.0791232
35939,46.5113415,15.080381
35947,46.3942821,15.5705212
35955,46.3594701,15.1142968
35963,46.1345641,14.9953657
35980,45.9091002,15.0069305
36404,46.1562525,15.0544078
36420,46.6851335,16.2165707
36439,46.4853676,13.7848126
36447,45.9635866,15.4858649
36471,45.8180473,15.3553406
36480,45.9676388,15.4844937
36510,46.0507824,14.5101637
36528,46.2284029,15.5188919
36536,45.9088102,15.5964652
36544,46.6003071,15.1644493
36552,46.3569173,15.1155967
36560,46.6781672,15.9907914
36579,46.1542793,15.2359978
36587,46.2394671,14.3557705
36595,46.6060116,16.2354595
36609,45.5707701,15.1928651
36625,45.9088102,15.5964652
36641,46.2258891,15.7000313
36650,46.5584464,15.6468772
36676,46.1288571,13.9897649
36692,46.3405884,14.9651944
36706,45.886443,13.9104159
36714,45.8042246,15.1696891
36722,45.701932,17.701144
36730,46.3405533,14.175808
36749,46.4201656,14.6917301
36757,45.9974662,13.5270875
36765,46.8275667,16.3252599
36773,46.3019572,14.4220494
36781,46.2532469,14.4873125
36790,45.6682839,14.1870666
36803,45.8462738,13.9622067
36811,46.2368783,15.6381237
37005,45.9193034,14.3640682
37010,45.9089883,15.5920665
37028,46.2279314,15.2614253
37044,46.1370591,14.6003014
37052,46.5895287,15.0172467
37060,45.9574499,14.6559871
37079,46.0004818,14.0217914
37087,45.5645543,14.2484939
37095,45.5324217,13.6621275
37109,46.4352563,14.0620143
37117,46.2208092,14.6059548
37125,45.6382407,14.8576843
37133,45.5483196,13.7308006
37141,46.2418497,14.3566316
37150,45.9651639,15.4861057
37168,46.155858,15.2351077
37184,46.5632231,16.4532139
37192,46.0477429,14.5037528
37206,46.0551908,14.504221
37214,46.0569465,14.5057515
37222,46.043693,14.4850424
37230,46.0644561,14.5118309
37249,46.0564329,14.535457
37265,45.9179378,14.2240774
37273,46.5585204,15.6455706
37281,45.6536418,15.3131899
37290,46.3400777,14.9611865
37303,46.6592423,16.1644254
37311,45.9569757,13.6498059
37320,45.8050726,15.1668939
37338,46.4065444,16.1503259
37346,45.5272372,13.5688711
37354,45.7750019,14.2114838
37362,46.4200278,15.8666612
37370,46.6147787,15.212645
37389,46.3451573,14.1713527
37397,46.5413507,14.9569925
37400,45.7087263,13.8734817
37419,46.5025784,15.0861741
37427,46.3929626,15.5733215
37435,46.2166671,15.394494
37443,46.1682793,14.3065523
37451,46.1828413,13.7312006
37460,46.1505209,15.0436507
37478,46.3635091,14.3087236
37486,45.9584863,14.2922399
37494,46.2292923,15.2697164
37508,45.5477153,13.7334525
37516,46.0500826,14.5068874
37524,46.557553,15.6446791
37532,45.9570105,13.6497564
37540,46.4206824,15.8652578
37559,45.9020429,15.5928129
37567,46.228785,15.2613651
37575,46.2290105,15.2634246
37583,46.000987,14.0185159
37591,46.4327196,14.0580081
37605,46.2232606,14.6062156
37613,45.6375287,14.8654785
37621,45.5483605,13.7280977
37630,46.2388443,14.3546242
37648,45.8350057,15.4171339
37656,46.5669487,16.4532028
37664,46.0234855,14.8575321
37672,46.052157,14.4989425
37680,46.0553688,14.5154062
37699,46.052157,14.4989425
37702,46.0551796,14.5005108
37710,46.0569465,14.5057515
37729,46.046902,14.5041396
37737,46.0557497,14.5510076
37745,46.048933,14.5062517
37753,46.0558229,14.5077732
37761,46.0469485,14.4935354
37770,46.0591066,14.4960478
37788,46.5625726,15.6482416
37796,46.5605469,15.648246
37800,45.6513164,15.3174849
37818,46.662761,16.160571
37826,45.9612587,13.6862878
37834,45.8031132,15.1681323
37842,45.5276042,13.5680003
37850,45.7772945,14.2173439
37869,46.4206824,15.8652578
37877,46.3405533,14.175808
37885,46.5418394,14.9566849
37907,46.1651529,14.3046194
37915,46.1505037,15.0436373
37931,46.0678106,14.3138684
38016,46.1883484,14.6099256
38032,46.0525573,14.471796
38040,46.3393929,15.4252098
38059,46.366092,14.3089662
38067,46.3623319,14.3073982
38075,45.5486041,13.7295355
38083,46.1820044,13.7322298
38091,45.7955604,14.3623076
38105,46.0487278,14.5209082
38113,46.2305456,15.6975253
38121,46.0088769,15.3037611
38130,45.8881751,13.9049325
38156,46.3923832,15.5729178
38172,46.662761,16.160571
38180,46.6513295,16.3520817
38199,46.3208182,14.9499426
38202,45.5736892,15.1917892
38210,46.0588764,14.8269956
38229,46.356351,15.109803
38237,46.3592006,15.1189721
38245,46.5646227,16.4513824
38253,46.5093107,15.0791232
38261,46.4065444,16.1503259
38270,46.799865,16.0960637
38288,46.2285393,15.2673326
38296,46.3700688,14.1076531
38300,45.8517769,14.6229993
38318,46.5652689,15.6434192
38326,45.6507351,15.1806915
38393,46.4044433,14.137517
38407,45.803592,15.1680961
38415,45.5482756,13.7277109
38423,46.4066132,16.1511011
38431,46.5167257,14.8546351
38440,46.0596646,14.8290009
38458,46.5763473,15.8317849
38466,45.9572061,14.8057123
38474,45.7168842,14.4694447
38482,46.6774291,15.9902088
38490,46.0691081,14.489449
38504,46.0555901,14.5037382
38512,46.3597554,15.1150007
38520,46.0568401,14.5097779
38539,45.4727469,14.8747701
38547,46.0469998,14.5039557
38555,46.1641396,14.3068492
38563,46.359506,15.1144624
38571,46.1404644,14.4140816
38580,46.5593678,15.6478837
38598,46.662761,16.160571
38601,46.0022713,14.0236988
38610,45.737483,14.7251017
38628,46.0486918,14.5092227
38636,46.5571007,15.6477411
38660,46.5405703,14.9567296
38679,46.0596646,14.8290009
38687,46.002408,14.0245016
38695,45.9385633,14.804002
38709,46.3828061,15.2956169
39110,46.0477854,14.5045226
41114,46.0545735,14.5066523
41122,46.0575941,14.5093737
42110,46.2295881,15.2621111
42129,45.5447726,13.7349907
42137,46.0545735,14.5066523
42145,46.5590121,15.6522786
42153,46.2295881,15.2621111
42161,45.5447726,13.7349907
42170,46.2466931,14.3575751
42188,46.0545735,14.5066523
42196,46.5590121,15.6522786
42200,46.6582147,16.1668638
42218,45.959341,13.6489529
42226,45.8052272,15.1675214
42234,45.9669397,15.4850491
42242,46.4185348,15.8714291
42250,46.5119368,15.080311
42307,46.0558181,14.5077324
44113,46.0575941,14.5093737
44125,46.2397495,15.2677063
44145,46.0569465,14.5057515
44164,46.2307689,15.2606197
44172,45.5452783,13.7336621
44180,46.2473638,14.3550031
44199,46.0538199,14.5042016
44202,46.5570101,15.6513647
44210,46.6579897,16.1689144
44229,45.9086239,13.5785575
44237,45.8047356,15.1675605
44245,45.9669661,15.4854179
44253,46.4186052,15.8728836
44261,46.5102284,15.0809978
44270,46.0575941,14.5093737
44288,46.0575941,14.5093737
45144,46.0509357,14.5022068
46116,46.0384398,14.4669985
50113,46.062171,14.5090802
50121,46.2317835,15.2627919
50130,45.5447726,13.7349907
50148,46.0547883,14.5109422
50156,46.5575245,15.6461689
61045,45.7955099,14.3621843
62014,45.8853638,13.9113376
62022,45.9043717,15.592799
62030,46.2298528,15.2613272
62049,45.7928126,14.3662755
62057,45.579089,15.1959979
62065,46.1378724,14.5927402
62073,46.5866278,15.0243939
62081,46.6773804,15.9902601
62090,45.9571465,14.6529199
62103,46.1457428,15.0815915
62111,46.0012633,14.0209461
62120,45.5638933,14.2447853
62138,45.5299167,13.6668823
62146,46.4319811,14.0629742
62154,46.2263858,14.6118151
62162,45.6431113,14.8550093
62170,45.5478499,13.7312938
62189,46.2431349,14.3557415
62197,45.9665825,15.4853397
62200,46.1540221,15.235297
62219,46.5758981,15.8305068
62227,46.5617827,16.4552377
62235,46.0568175,14.8315234
62243,46.0510323,14.506707
62251,46.5176528,16.1949459
62260,45.9176752,14.2226476
62278,46.5625475,15.6499776
62286,45.6454423,15.3174044
62294,46.3405884,14.9651944
62308,46.6627326,16.163722
62316,45.957169,13.6488109
62324,45.8039081,15.16464
62332,46.4072027,16.1472411
62340,46.6090269,15.6779261
62359,45.502888,13.6036542
62367,45.7754308,14.2139857
62375,46.4216881,15.8720971
62383,46.6145074,15.2245651
62391,46.3437374,14.1718481
62405,46.5415786,14.9635027
62413,45.7410998,14.7255031
62421,46.5389787,15.5100091
62430,46.0056937,15.3155628
62448,45.7090839,13.8733547
62456,46.5097834,15.080969
62464,46.392912,15.5741946
62472,46.3370246,15.4216382
62480,46.2172659,15.3935771
62499,46.1636051,14.3068051
62502,46.2290562,15.5198819
62510,46.1826652,13.7313062
62529,46.1562525,15.0544078
62537,45.9077894,15.0078214
62545,46.3635091,14.3087236
62553,46.3592008,15.1136985
62561,45.9659976,14.2983166
62570,46.1344284,14.9964
62588,46.2503716,15.1644008
63002,46.2397495,15.2677063
63010,45.5736892,15.1917892
63037,45.548333,13.7321486
63045,46.2525178,14.3496218
63053,46.0533002,14.513894
63061,46.0499644,14.523221
63070,46.0392617,14.4880809
63088,46.0722214,14.5123165
63096,46.0491519,14.5178377
63100,46.0493455,14.4866302
63118,46.5643847,15.6235159
63126,46.5625345,15.6272134
63134,46.5609707,15.631367
63142,46.5500695,15.6489763
63169,46.5613686,15.6313256
63177,46.6561917,16.159991
63185,45.9515695,13.6361502
63193,45.7939137,15.1606709
63207,45.5142898,13.5908455
63215,46.4277156,15.870824
63223,46.1671294,14.3058337
63266,46.0673644,14.5397478
63290,46.0601295,14.5398166
63304,46.0601295,14.5398166
63312,46.0490207,14.5185387
63320,45.8839025,13.9178187
63339,46.6021054,16.2376638
63347,46.3707358,14.1132863
63355,45.9170951,14.365835
63363,46.010264,14.4159708
63371,45.9061559,15.5974832
63380,46.243222,15.2654742
63398,46.2306866,15.2582769
63401,46.2385251,15.2733547
63410,45.7916444,14.3647449
63428,45.5652414,15.1897057
63436,46.14319,14.6018942
63444,46.1368895,14.5940439
63452,46.5891868,15.0216882
63460,46.6780631,15.9957647
63479,45.9549248,14.6546108
63487,46.1433565,15.0804453
63495,46.0031065,14.0293882
63509,45.9502141,14.5324181
63517,45.9395841,14.8047626
63525,45.5324217,13.6621275
63533,46.4389376,14.0433421
63541,46.2204131,14.6132037
63550,46.4050135,15.7947234
63568,45.6397661,14.8585407
63576,45.5416226,13.7174642
63584,45.5472767,13.7272754
63592,45.5458814,13.7316497
63606,46.2370542,14.3622249
63614,45.9608523,15.4921044
63622,46.1550638,15.2386748
63630,46.5954161,15.8637359
63649,46.5646014,16.4503999
63657,46.0615173,14.8188531
63665,46.0569171,14.5230515
63673,46.0626407,14.5177001
63681,46.0787291,14.5111209
63690,46.0751545,14.5071702
63703,46.1029885,14.5351339
63711,46.0618782,14.6162844
63720,46.0650216,14.5348594
63738,46.0593146,14.5323863
63746,46.0544534,14.5436206
63754,46.0741908,14.4800956
63762,46.0721537,14.4926244
63770,46.0952353,14.4696697
63789,46.0742247,14.4742009
63797,46.0438649,14.4903814
63800,46.5176259,16.2004609
63819,45.9158464,14.2289769
63827,46.5653709,15.656816
63835,46.5641174,15.6342652
63843,46.5605749,15.6444333
63851,46.5441357,15.6386826
63878,46.5283264,15.6755083
63886,46.5526694,15.6599881
63894,46.5441856,15.6462689
63916,46.5506023,15.6260253
63924,46.5421437,15.6318377
63932,46.1453648,14.4096746
63940,46.1673365,14.5712049
63959,45.6465553,15.318373
63967,46.689351,16.2230142
63975,46.3357963,14.9549269
63983,46.6545237,16.160958
63991,45.9531746,13.6453051
64009,45.8041577,15.1764598
64017,46.4098,16.1465648
64025,45.5061801,13.6081088
64033,45.5276011,13.5704104
64041,45.50538,13.606574
64050,45.7717704,14.2124386
64068,46.4200208,15.8669408
64076,45.7984156,15.1569394
64084,46.6461163,16.038985
64092,46.3458184,14.1733555
64106,46.2254233,14.1640598
64114,45.742891,14.7272133
64122,46.2409012,15.6254854
64130,46.0125769,15.3006878
64149,45.7072618,13.8657544
64157,46.5037659,15.0823167
64165,46.3953291,15.5694736
64173,46.3415206,15.4264364
64190,46.2078553,15.3902447
64203,46.1696831,14.2976292
64211,46.2301857,15.5167597
64220,46.3783705,15.0498023
64238,46.1844981,13.7351339
64246,46.1536784,15.045686
64254,45.9092197,15.0163492
64270,46.3586674,14.2978332
64289,46.3660739,15.1117015
64297,46.2901838,15.3068071
64300,45.9650114,14.2991195
64319,46.1322632,14.9939828
64327,46.3690952,15.3895668
64335,46.2539606,15.1592126
64343,45.8893454,13.902677
64351,45.8808178,14.0017093
64360,45.8850731,13.8408489
64378,45.9273719,13.911015
64386,46.6086588,16.2385376
64394,46.6082001,15.8898414
64408,46.0555733,15.6640659
64416,46.3728111,14.1092932
64424,46.3808327,14.066079
64432,45.773772,14.5070426
64440,46.2758571,13.9527903
64459,45.9161742,14.3656681
64467,46.3380313,13.5526294
64475,46.2819714,15.0407195
64483,45.99771,13.5279386
64491,45.9542039,14.4143676
64505,46.0173781,14.4124738
64513,45.9066769,15.5956522
64521,45.9518794,15.584745
64530,46.0156595,15.6923559
64548,45.8844923,15.5225796
64556,45.9014326,15.6616687
64564,45.9560606,15.6281603
64572,46.0035344,15.6477898
64580,45.8521871,15.6625232
64599,46.7181731,16.0186382
64602,46.2490679,15.2785503
64610,46.2302597,15.2642479
64629,46.2353765,15.2666046
64637,46.2149928,15.260602
64645,46.2358319,15.2470516
64653,46.240825,15.2583166
64661,46.2443725,15.2467425
64670,46.2501618,15.2650937
64688,46.2285393,15.2673326
64696,46.2590606,15.3207324
64700,46.2547081,14.4881649
64718,45.7963858,14.3563813
64726,45.8104077,14.3226983
64734,46.1264485,13.9852492
64742,46.5647789,15.9470828
64750,46.5506835,16.2800553
64769,46.5690609,16.2977628
64777,46.4683456,14.8555958
64785,45.5734362,15.1922047
64793,45.5226897,15.1789555
64807,45.4929483,15.0770866
64815,45.4599847,15.2505472
64823,45.5662764,15.1893431
64831,46.4894208,15.8759425
64840,45.6826153,13.9678748
64858,46.1345119,15.3890767
64866,45.8482427,14.6987282
64874,46.3338836,15.2240229
64882,46.0655279,14.3124935
64890,46.0567098,14.4124502
64904,46.6515014,16.346664
64912,46.0879995,14.6447529
64920,45.7574587,15.0540644
64939,46.1499811,14.6239078
64947,46.1421044,14.5998131
64955,46.1387869,14.5913794
64963,46.171559,14.6058033
64971,46.1498482,14.5986865
64980,46.4340475,15.9501966
64998,46.5895108,15.0234929
65005,46.560284,15.0358873
65013,46.5036969,15.7556402
65021,46.5191642,15.7809804
65030,46.1012898,14.1409721
65048,46.1194046,14.1800877
65056,46.3436302,15.993978
65064,46.4080762,16.0130867
65072,46.6974022,15.9084228
65080,46.6747554,15.9900431
65099,46.6088264,15.9366949
65110,46.2977173,14.8105591
65129,46.8166278,16.2092684
65137,46.801822,16.0889763
65145,45.9532026,14.6587368
65153,45.9565565,14.6575508
65161,45.9627287,14.6578529
65170,46.4119995,15.8367938
65188,46.4973328,15.6450012
65196,46.4782598,15.6534773
65200,46.0228039,14.2925728
65218,46.1447934,15.0824515
65226,45.6056197,13.9459699
65234,45.9247468,14.046103
65242,46.0334583,14.0216377
65250,46.0021042,14.0276323
65269,45.9605774,14.5277807
65277,45.5670583,14.2444884
65285,45.5002954,14.2731733
65293,45.5243032,14.3282302
65307,45.6261438,14.2480408
65315,45.5240961,14.1434945
65323,45.5790752,14.1313174
65331,45.5603755,14.2509305
65340,45.9532256,14.8344098
65358,45.9395841,14.8047626
65366,45.5330732,13.658677
65374,45.5339726,13.6624711
65382,45.5298864,13.6578283
65390,46.4259399,14.0973276
65404,46.4407219,14.0384541
65412,46.4358839,14.0629004
65420,46.4318162,14.0683097
65439,46.4871636,15.9701348
65447,46.2218028,14.6084098
65455,46.2214422,14.6061684
65463,46.2574771,14.6036217
65471,46.2269439,14.6128902
65480,46.2063177,14.595937
65498,46.2138374,14.7586696
65501,46.0893279,13.6360305
65510,46.0533199,13.6149099
65528,46.3945408,15.7226676
65536,46.4056464,15.7948765
65544,46.2455933,13.582275
65552,46.6838891,16.391761
65560,45.6374087,14.8581042
65579,45.6305516,14.8707094
65587,45.6695276,14.8405829
65595,45.8206928,13.7500184
65609,46.2017457,14.5426537
65617,45.580762,13.7618722
65625,45.5556888,13.7945367
65633,45.5031197,13.8752817
65641,45.548059,13.7301877
65650,45.548059,13.7301877
65668,45.5093346,13.8003126
65676,45.5405045,13.7717523
65684,45.5822196,13.7973312
65692,45.5007802,13.7153279
65706,45.5463949,13.7317587
65714,45.5378586,13.7239602
65722,45.544109,13.7119174
65730,45.5080749,14.9105133
65749,46.0741406,15.5591712
65757,46.1027365,15.5189237
65765,46.250943,14.3514873
65773,46.2511085,14.3592003
65781,46.233285,14.3459214
65790,46.2352477,14.3594881
65803,46.266344,14.3877459
65811,46.2363047,14.3654652
65820,46.2378574,14.3682588
65838,46.2187764,14.3648639
65846,46.4607874,13.9377739
65854,46.4863582,13.7841886
65862,46.5631151,16.1366048
65870,46.0206048,15.4750692
65889,45.9998905,15.4751709
65897,46.035405,15.5405247
65900,45.843287,15.4233812
65919,45.9424234,15.4798062
65927,45.8626728,15.4632247
65935,45.9292758,15.3802199
65943,45.9600582,15.4942724
65951,46.6389261,15.6137513
65960,46.8320144,16.0813381
65978,46.1528864,15.2368106
65986,46.1248151,15.1937083
65994,46.5721383,15.8321311
66001,46.5755275,15.876028
66010,46.608529,15.7837028
66028,46.5440273,15.814259
66036,46.556034,16.4601278
66044,46.6516758,16.3429113
66052,46.0424556,14.8438794
66060,46.0008473,14.9882226
66079,46.0622566,14.8178702
66087,46.0564386,14.8325697
66095,46.0550066,14.50995
66109,46.0542452,14.5006845
66117,46.0466991,14.5170155
66125,46.0420803,14.50918
66133,46.0484877,14.4998563
66141,46.0558775,14.5256737
66150,45.5480485,13.7295162
66168,46.0531424,14.5126446
66176,46.0339347,14.50419
66184,46.0376589,14.493455
66192,46.0338616,14.5222574
66206,46.0417209,14.5009787
66214,46.0873748,14.5120146
66222,46.1053047,14.5338134
66230,46.0683033,14.5138432
66249,46.0641104,14.519734
66257,46.069699,14.5061413
66265,46.0789728,14.5081959
66273,46.0617262,14.5178051
66281,46.0517535,14.5315451
66290,46.0715409,14.5378952
66303,46.0550207,14.5873699
66311,46.0593864,14.5329301
66320,46.0355059,14.5992775
66338,46.0618236,14.614992
66346,46.0493751,14.5464947
66354,46.0655367,14.5817296
66362,46.052406,14.5545569
66370,46.072667,14.5448325
66389,46.0522474,14.5611784
66397,46.0545005,14.5447495
66400,46.1245359,14.4786654
66419,46.097663,14.4655472
66427,46.096639,14.466537
66435,46.0646487,14.497472
66443,46.0750022,14.478193
66451,46.0678879,14.489195
66460,46.0733235,14.4880716
66478,46.1088573,14.4631087
66486,46.0739413,14.4688737
66494,46.0802747,14.4778197
66508,46.0783227,14.4672916
66516,46.0791229,14.5153693
66524,46.0443114,14.4554733
66532,46.0433101,14.4718119
66540,46.0397468,14.4850798
66559,46.34327,14.8339464
66567,46.515724,16.1942966
66575,46.5257682,16.054381
66583,46.5201351,16.1510542
66591,46.5087835,16.2235322
66613,45.9162557,14.2285415
66621,45.909337,14.2021273
66630,45.9855356,14.1748724
66648,45.7128946,14.4721732
66656,45.7005256,14.5909134
66664,46.5407447,15.3875504
66672,46.3556532,14.7458623
66680,46.1689013,14.6865377
66699,46.3484717,15.7351109
66702,46.5608674,15.6394964
66710,46.5629892,15.6448164
66729,46.5644379,15.6515899
66737,46.5612776,15.6396897
66745,46.5640379,15.6549119
66753,46.5351534,15.6669365
66761,46.5546503,15.6458812
66770,46.5550635,15.6422393
66788,46.5504707,15.639589
66796,46.5452676,15.6446306
66800,46.5574352,15.6271816
66818,46.5558451,15.6717731
66826,46.5479566,15.6699765
66834,46.5350444,15.6730787
66842,46.5565272,15.5784882
66850,46.5366757,15.6188996
66869,46.572328,15.6167834
66877,46.5484891,15.6577262
66885,46.5547842,15.7009246
66893,46.5361488,15.6299885
66907,46.540359,15.6243914
66915,46.3952015,15.9323038
66923,46.1329969,14.4100284
66931,46.1405229,14.4330554
66940,46.1682327,14.4311364
66958,46.1452208,14.4066907
66966,46.1673665,14.5712886
66974,45.6543843,15.3150639
66982,45.6108027,15.2571182
66990,46.5188259,14.8536481
67008,46.4991475,15.7023928
67016,45.8913441,13.6047452
67024,45.8642566,15.0929645
67032,46.4475917,15.1917842
67040,46.1384263,14.7459552
67059,46.7321101,16.26868
67067,46.6769968,16.2771055
67075,46.7448663,16.3066915
67083,46.3355279,14.956468
67091,46.656074,16.1797069
67105,46.6608599,16.1562474
67113,46.6572164,16.1579846
67121,46.6541161,16.1688358
67130,46.6541161,16.1688358
67148,46.6081472,15.1628758
67156,46.2721689,14.3186568
67164,46.3158148,14.9460977
67172,45.8638322,13.7834355
67180,46.0500327,13.7934501
67199,45.9695191,13.6488701
67202,45.9318518,13.7432458
67210,45.8869445,13.7384723
67229,45.8891969,13.6723936
67237,45.9573179,13.6452887
67245,45.951606,13.6461562
67253,45.811634,15.2566601
67261,45.8369714,15.2143935
67270,45.8631565,15.2307121
67288,45.782577,15.08108
67296,45.8162325,15.1578123
67300,45.7947464,15.1637902
67318,45.770712,15.2104755
67326,45.8072618,15.1644492
67334,45.7987349,15.1711891
67342,46.5875176,16.2759451
67350,46.4583499,16.2140355
67369,46.410271,16.1521103
67377,46.3962538,16.2646392
67385,46.4851651,16.0774236
67393,46.4190786,16.1106173
67407,46.4617268,16.1546307
67415,46.6287533,15.6984371
67423,46.6097495,15.6751509
67431,46.6278947,15.7363789
67440,45.5273724,13.5682983
67458,45.5255249,13.5717278
67466,45.4763554,13.6285161
67474,45.5062051,13.6081176
67482,45.683826,14.1941686
67490,45.6652684,14.1265357
67504,46.1574272,15.5969451
67512,46.3357092,15.8805657
67520,46.5927403,15.3186177
67539,46.2580205,15.1084658
67547,45.7732724,14.2129033
67555,45.7314633,14.1829308
67563,45.7749591,14.2109851
67571,46.2366501,15.0921611
67580,46.3038573,14.4210944
67598,46.5474876,14.9219257
67601,46.4164049,15.8728029
67610,46.4289377,15.8778595
67628,46.4139514,15.8619661
67636,46.4200249,15.8667779
67644,46.7018641,16.157212
67652,46.4534636,15.6389315
67660,46.4535542,15.6786112
67679,46.0650447,15.1820708
67687,46.6184078,16.0362119
67695,46.6423165,16.0380407
67709,46.6149282,15.2203243
67717,46.3615463,14.1617739
67725,46.3469175,14.1748233
67733,46.3058049,14.20718
67741,46.5398037,14.9615899
67750,46.5433087,14.9708131
67768,46.5187754,16.286406
67776,45.7413042,14.7270782
67784,46.5346099,15.2678407
67792,46.2321569,15.6378272
67806,46.2417699,15.624656
67814,46.8017618,16.0369305
67822,46.2355128,15.7048143
67830,46.5389268,15.5085927
67849,46.5505402,15.4893564
67857,45.6523274,15.183801
67865,46.009504,15.3036854
67873,45.9580456,15.1938973
67881,46.0130245,15.1707257
67890,46.0099112,15.2831114
67903,45.9909306,15.3917746
67911,45.9905794,15.1851523
67920,45.7604784,13.8292018
67938,45.7059222,13.8685841
67946,46.504058,15.0780971
67954,46.4937257,15.1082139
67962,46.4718949,15.0871898
67970,46.5064051,15.0847534
67989,46.3958553,15.5660191
67997,46.4133866,15.6363045
68004,46.3117823,15.5810946
68012,46.317786,15.6678234
68020,46.3727939,15.6145532
68039,46.3487257,15.5934367
68047,46.3872772,15.4493557
68055,46.4459443,15.5372053
68063,46.386455,15.5166811
68071,46.3419177,15.4223319
68080,46.338165,15.4199388
68098,46.3016767,15.4983422
68101,45.762843,14.634623
68110,46.4659818,15.7685118
68128,46.6482,15.8426433
68136,46.5683208,16.0170604
68144,46.8224739,16.2768177
68152,45.9280054,13.639145
68160,46.2488071,14.4189242
68179,46.6781173,15.6562003
68187,46.6980766,15.7404032
68195,45.8446383,15.3407108
68209,46.2720889,15.3924282
68217,46.2205839,15.3960043
68225,46.1878043,15.4276751
68233,46.2522416,15.4436464
68241,46.1013891,15.407595
68250,46.2078553,15.3902447
68268,45.9060162,15.2887403
68276,46.1679432,14.306313
68284,46.1700148,14.327779
68292,46.1702386,14.2998594
68306,45.9792647,14.5754428
68314,46.2322167,15.5163789
68322,46.3314335,15.0362148
68335,46.3782836,15.0461378
68345,46.3782836,15.0461378
68357,46.2218159,15.3093216
68365,46.6556194,16.0934409
68373,46.1524258,13.7443047
68381,46.2135431,13.9718333
68390,46.1793122,13.7338969
68403,46.1562979,15.0544484
68411,46.1606393,15.0532646
68420,46.1481404,15.044636
68438,45.9518799,15.0609294
68446,45.9440561,15.1412005
68454,45.9754195,15.0888377
68462,45.9107811,15.0076684
68470,45.9352503,14.9052708
68489,46.133945,14.5623619
68497,46.3569511,14.2919465
68500,46.3647856,14.3118055
68519,46.3408437,14.2950496
68527,46.6248097,16.314094
68535,46.3641096,15.1276362
68543,46.3630355,15.1219076
68551,46.3643545,15.1141048
68560,46.3606596,15.1131236
68578,46.355303,15.129598
68586,46.3599099,15.1099151
68594,46.5745142,16.3429145
68608,45.832762,14.6349137
68616,46.369311,15.9021061
68624,45.8400441,13.9610919
68632,45.8411164,13.9610248
68640,46.3833346,15.2971886
68659,46.1856546,14.4951271
68667,46.3289483,15.3154414
68675,46.2906044,15.3056584
68683,46.2430373,14.9490398
68691,45.9621433,14.2963715
68705,46.0169774,14.414245
68713,46.6000232,15.1648387
68721,46.139098,14.9871581
68730,46.1337982,15.0008614
68748,46.1548736,14.9305795
68756,46.3744842,15.3893996
68764,46.2313925,15.1534915
68772,46.2541508,15.1646248
68780,46.2448182,15.1882525
68799,46.257114,15.1133384
68810,46.2244188,14.1646173
68829,46.2717771,15.8059199
68837,46.0451522,14.1075232
68845,46.3987797,14.1458433
68853,45.7731663,14.8628096
68861,45.8309633,14.9326079
68870,46.2339877,15.2582998
68888,45.5743175,15.1925678
68896,46.1496513,14.5991702
68900,46.6767099,15.9910846
68918,46.1417288,15.0844894
68926,46.0029454,14.0278459
68934,46.2191286,14.6111646
68942,45.6360702,14.8610861
68950,46.2512131,14.3511418
68969,45.9599281,15.4910805
68977,46.5665397,16.4517469
68985,46.0446517,14.4922048
68993,46.071377,14.5190704
69000,46.5650908,15.6432695
69019,46.5418274,15.6209726
69027,46.5394068,15.6132897
69035,46.654141,16.1686833
69043,45.9516002,13.6461921
69051,45.7927914,15.1589057
69060,46.4098,16.1465648
69078,45.5158462,13.5832002
69086,45.5349394,13.6072282
69094,45.8239053,14.2397551
69108,46.4217341,15.8717075
69116,46.3462165,14.1758012
69124,46.5406933,14.9644188
69132,46.2335737,15.6408692
69140,46.0105301,15.3068936
69159,46.5040703,15.0777667
69167,46.3928578,15.5706775
69183,46.1702386,14.2998594
69195,46.1857188,13.7319838
69205,46.363627,15.1164369
69213,46.1326326,14.9993559
69221,46.2541508,15.1646248
69230,46.2507283,15.1671194
69248,45.9072556,15.591376
69256,46.2308808,15.2584009
69264,46.2333002,15.2653101
69272,46.232456,15.2644487
69280,45.5658814,15.1890545
69299,46.001283,14.0188582
69302,45.9395841,14.8047626
69310,46.4356308,14.060611
69329,46.2209748,14.6116702
69337,45.6409009,14.8633128
69345,45.5483109,13.7323541
69353,45.5463949,13.7317587
69361,46.2424326,14.3552129
69370,46.564768,16.4476056
69388,46.0626369,14.8191685
69396,46.0508868,14.502298
69400,46.0535779,14.510519
69418,46.0429955,14.4804936
69426,46.0552255,14.5321657
69434,46.097663,14.4655472
69442,46.0695733,14.49564
69450,46.075465,14.5171427
69469,46.0645401,14.5113943
69477,46.5224083,16.1944848
69485,46.5612176,15.6482743
69493,46.5494052,15.6443519
69507,46.5605685,15.6410398
69515,46.6636804,16.1652929
69523,46.6604626,16.1525229
69531,45.9573413,13.6453037
69540,45.8075323,15.1644257
69558,46.410447,16.1542486
69566,45.5162981,13.5845771
69574,45.528319,13.5682895
69582,46.5409292,14.957242
69590,46.5435156,15.5099477
69604,46.1697194,14.3024491
69612,46.1793122,13.7338969
69620,46.1575238,15.0556044
69639,46.0601293,14.5372614
69647,45.890896,13.9026351
69663,45.5433683,13.7274068
69671,46.2351762,15.2568568
69680,46.2341652,15.259248
69698,46.2331366,15.2649638
69701,46.2364831,15.2335845
69710,46.2306874,15.2629897
69728,46.236352,15.2333679
69736,46.1384691,14.6011018
69744,45.5387458,13.6620692
69760,46.432774,14.064104
69779,45.6409009,14.8633128
69787,45.5492835,13.7319423
69795,45.5477076,13.7323076
69809,46.2428344,14.3555417
69817,46.2428344,14.3555417
69825,46.2838867,14.3000903
69833,46.2505847,14.3488123
69841,46.2428344,14.3555417
69855,46.2428344,14.3555417
69868,45.9452508,15.4860531
69876,46.0456393,14.518878
69884,46.0390059,14.5134921
69892,46.0501503,14.5132773
69906,46.0486801,14.496975
69914,46.0467763,14.5038577
69922,46.0484233,14.5034693
69930,46.0489501,14.5167849
69949,46.0484786,14.5179236
69957,46.0472721,14.5162895
69965,46.0488867,14.5228009
69973,46.0464401,14.4999472
69981,46.0645185,14.5813665
69990,46.0398201,14.5131888
70009,46.4217205,15.8657689
70017,46.1358387,14.6018083
70025,46.080773,14.4917224
70033,46.0694922,14.5120301
70041,46.067534,14.5142744
70050,46.0732119,14.5133653
70076,46.0616881,14.5325257
70084,46.0528939,14.5586915
70092,46.0816821,14.4913368
70106,46.0435036,14.5099798
70114,46.5546503,15.6458812
70122,46.5620878,15.6552174
70130,46.5494498,15.6442756
70149,46.5630347,15.6464882
70157,46.5603562,15.6356673
70165,46.5630069,15.6443372
70173,46.5632697,15.6454949
70181,46.525561,15.6717357
70190,46.5546503,15.6458812
70203,46.5546503,15.6458812
70211,46.5473336,15.6429914
70225,46.5546503,15.6458812
70238,46.5473266,15.6430268
70246,46.5688951,15.6353603
70254,46.5539252,15.6243422
70265,45.6473994,15.3176752
70270,46.6503221,16.1898464
70289,46.6633862,16.1850019
70297,46.6604626,16.1525229
70319,45.9576812,13.6429821
70325,45.9549755,13.6493044
70335,45.9553557,13.6433299
70343,45.7946897,15.1591167
70351,45.8334161,15.1924535
70360,45.806721,15.1647481
70378,45.8010824,15.1710089
70386,45.5142898,13.5908455
70408,45.7740522,14.2071952
70416,45.7705296,14.2110042
70424,46.4265407,15.8702574
70432,46.6433243,16.0390852
70440,46.3425625,14.1721562
70459,46.3447716,14.1724524
70467,46.5448323,14.9660445
70475,46.2221832,15.6442836
70485,46.0129508,15.2979868
70491,45.7059676,13.8666419
70505,46.5065903,15.0765733
70513,46.2166576,15.4103224
70521,46.1751229,14.3304603
70530,46.1697194,14.3024491
70548,46.2205619,15.3154297
70556,46.1464531,15.0464306
70564,46.361906,15.1135733
70572,46.0546471,14.5111594
70580,46.1331411,14.9952172
70599,46.5352435,15.6569709
70602,46.3709908,14.1103672
70615,45.548059,13.7301877
70629,46.0487066,14.5167247
70637,46.066584,14.5173396
70645,46.0748573,14.5153029
70655,45.8010824,15.1710089
70661,46.0503754,14.4958172
70670,46.075465,14.5171427
70688,46.0467576,14.5066465
70696,46.0501345,14.4966055
70700,46.0525476,14.5049077
70718,46.0496584,14.5038818
70726,46.04644,14.500083
70734,46.0517104,14.5110878
70742,46.0493591,14.4745875
70750,46.0467012,14.4987321
70769,46.0397722,14.4877622
70777,46.0506967,14.5117493
70785,46.045913,14.5039385
70793,46.0519833,14.4689706
70807,46.0467251,14.4986156
70815,46.0469321,14.4976045
70823,46.0742299,14.5136667
70831,46.0508789,14.5181144
70840,46.0506669,14.5328183
70858,46.0737809,14.5153119
70866,46.0458078,14.4905758
70874,46.0519833,14.4689706
70882,46.0455893,14.4957638
70890,46.0427783,14.489338
70904,46.5595165,15.6434933
70915,45.942261,13.6395425
70920,45.5173817,13.5768099
70939,45.8873654,13.9082457
70947,45.90279,15.5925562
70955,46.2270771,15.2644467
70963,45.794316,14.3626656
70971,45.5699027,15.1928498
70980,46.1377739,14.5904518
70998,46.675815,15.9920377
71005,46.1395391,15.0902167
71013,46.000987,14.0185159
71021,45.5626595,14.2504366
71030,46.432876,14.0580646
71048,46.2207364,14.6069256
71056,45.6337058,14.8630158
71064,45.5472168,13.7312209
71072,46.2391686,14.3560834
71080,45.9575809,15.492337
71099,46.5682487,16.4501863
71102,46.0435788,14.5020938
71110,46.0546638,14.5328753
71129,46.0678846,14.4914727
71137,46.5189513,16.195352
71145,45.9163025,14.2285354
71153,46.6601812,16.1670228
71161,46.3158148,14.9460977
71170,45.9605131,13.6436804
71188,45.8035851,15.1708261
71196,46.4077007,16.1508966
71200,45.7759342,14.2146918
71218,46.4186518,15.8679958
71226,46.0650447,15.1820708
71234,46.6148996,15.2206911
71242,46.3405533,14.175808
71250,46.5433087,14.9708131
71269,45.7414305,14.7280582
71277,46.229682,15.6376984
71285,46.0070027,15.3154337
71293,45.7067522,13.8696609
71307,46.508369,15.0777186
71315,46.33797,15.4192843
71323,46.2181052,15.3960859
71331,46.1684118,14.3193034
71340,46.1842734,13.7337164
71358,46.1483436,15.0440762
71366,45.9107811,15.0076684
71374,46.3642148,14.3108604
71382,46.3618007,15.1115307
71390,45.9630388,14.2950048
71404,46.132554,14.9995982
71412,46.2531715,15.1634914
71420,46.2299125,15.2656352
71447,45.5742059,15.1907545
71455,46.6776591,15.9905199
71463,46.4327001,14.0628352
71471,45.6372119,14.8582985
71480,45.548259,13.7351503
71495,45.548059,13.7301877
71501,45.548059,13.7301877
71510,46.2456006,14.3557831
71528,45.9634821,15.4863712
71544,46.5614904,16.4548086
71560,46.074409,14.4827057
71579,46.5111857,15.0738916
71587,46.0616214,14.4977413
71595,46.2726769,14.3801474
71609,46.0341023,14.521567
71617,46.0697436,14.5136454
71633,46.0643099,14.5148835
71650,46.0435007,14.4532329
71668,46.0390698,14.4937639
71676,46.5630605,15.6509548
71684,46.0422295,14.5009503
71692,46.6583712,16.165638
71706,45.9605131,13.6436804
71714,45.8028842,15.1604608
71722,46.4086135,16.1508566
71730,45.7773638,14.2164674
71749,46.4197227,15.8715427
71765,46.3423215,14.1729872
71773,46.5442447,14.9629286
71781,46.2380011,15.635098
71790,45.7077877,13.8721991
71803,46.3929721,15.5705121
71811,46.2166358,15.394373
71820,46.1696587,14.3028384
71838,46.150242,15.0441166
71846,45.9091002,15.0069305
71854,46.3595174,15.1158903
71862,46.2501898,15.166935
71870,46.0746636,14.5395006
71889,46.0411227,14.4879938
71897,45.9145188,14.2154833
71900,46.0380887,14.4734279
71919,46.4774826,15.6487284
71927,46.1673674,14.4360691
71935,45.799604,15.1723973
71943,46.2342836,14.3443805
71951,46.578825,16.1604623
71960,45.9499397,14.7396075
71975,46.1357218,14.7444352
71986,45.7055181,13.8584948
72036,46.4065444,16.1503259
72044,46.0569465,14.5057515
72052,46.4202816,15.8761299
72060,46.0501882,14.4999565
72079,46.5590888,15.6424264
72087,46.0503416,14.5023857
72109,46.0695697,14.5042498
72117,46.0598243,14.4957163
72125,46.5635228,15.6394838
72133,46.5546503,15.6458812
72141,45.9556247,13.6401582
72150,45.5061026,13.6085532
72168,46.4173285,15.8748868
72176,46.5402686,14.9570887
72184,45.7059846,13.8693663
72192,46.3569173,15.1155967
72206,46.1336645,15.001491
72222,45.8067291,15.1628927
72230,46.3383853,15.4188978
72249,45.9074478,15.5934753
72257,45.5356497,13.6629559
72265,46.2321534,15.2665755
72290,46.5171621,16.1992313
72303,46.3945184,15.5664142
72311,46.1699487,14.3016951
72320,46.1803947,13.7341441
72346,46.2514019,14.364044
72354,46.507046,15.0814414
72362,46.3642148,14.3108604
72370,45.9736505,14.2949406
72419,46.5415786,14.9635027
72427,46.5468788,14.9197479
72435,46.3911478,15.5680032
72451,46.0564386,14.8325697
72460,46.3801321,15.0472843
72478,45.9611116,14.2946579
72486,46.6423165,16.0380407
72495,46.5546503,15.6458812
72508,46.7407721,16.0898932
72516,46.3696591,15.3918526
72524,46.1452208,14.4066907
72532,46.0055672,15.3159553
72567,46.0662751,15.1820963
72575,45.9520424,15.4864739
72583,46.4252606,15.8689725
72591,46.0569465,14.5057515
72605,45.9072291,15.6041589
72613,46.0592305,14.8266015
72621,46.4332563,14.0496191
72635,45.5445557,13.6860179
72656,45.9974662,13.5270875
72664,45.8879985,13.9077508
72672,45.8912743,13.9021146
72680,45.8912743,13.9021146
72699,46.2535124,15.1632037
72702,46.2463191,14.9519099
72710,46.2333568,15.2691808
72753,46.1528365,15.0471022
72761,46.1504905,15.0436689
72770,46.3375265,15.4175662
72788,45.7947428,15.1545494
72796,46.2535124,15.1632037
72800,45.6372119,14.8582985
72818,45.8010824,15.1710089
72826,46.1051342,14.5940347
72834,46.0592305,14.8266015
72842,45.5433659,13.7283375
72850,46.4367047,14.0526057
72877,46.1546536,15.2324566
72885,45.8843506,13.9130565
72907,46.541616,14.9565544
72915,46.3925466,15.5627917
72923,46.1845269,14.4962979
72931,45.8334161,15.1924535
72940,46.54993,15.6358801
72958,46.6146071,15.2239426
72974,45.9119182,13.6354244
72982,46.5102172,15.0800946
72990,46.1394079,14.4103825
73008,46.1339097,15.0019443
73016,46.5936289,15.0421525
73024,46.062171,14.5090802
73032,46.3339082,15.2240847
73040,46.0551868,14.5110847
73067,46.3932322,15.5728286
73075,46.0528566,14.5928105
73083,45.5721816,14.2373337
73091,46.6644947,16.1696405
73105,46.1485536,15.0851781
73113,45.6408372,14.858044
73121,45.844917,15.3392259
73130,46.525561,15.6717357
73148,46.0516138,14.4876958
73156,46.2524616,14.3512439
73164,45.5354334,13.6592197
73172,46.0020642,14.5558185
73180,46.2332317,15.2655546
73199,46.2501434,14.3494414
73202,45.5288684,13.5698412
73210,46.5651975,16.4507141
73229,46.5592951,15.6406867
73237,46.0528138,14.5082216
75000,45.8885309,13.9028762
75019,46.6060116,16.2354595
75027,46.3687814,14.1097395
75035,46.272862,13.9514899
75043,45.9154845,14.3661041
75051,46.338281,13.5522291
75060,45.9974662,13.5270875
75078,46.0247183,14.4212037
75086,45.9037348,15.592343
75094,46.6542085,16.0939122
75108,46.2294211,15.2619059
75116,46.2532469,14.4873125
75124,45.7938228,14.3610685
75132,46.1286521,13.9888709
75140,46.5690526,16.2932327
75159,46.4702108,14.8504308
75167,45.5707701,15.1928651
75175,46.4907087,15.8757917
75183,45.6820504,13.9672858
75191,45.8482818,14.6948864
75205,46.0532434,14.4184342
75213,46.0886582,14.6406301
75221,46.1378724,14.5927402
75230,46.4340465,15.9513937
75248,46.5893254,15.0244152
75256,46.5007078,15.7549789
75264,46.1058371,14.1384431
75272,46.4083127,16.0132871
75280,46.6773804,15.9902601
75299,46.2958068,14.8051452
75302,46.8037701,16.2192128
75310,45.9568635,14.6529448
75329,46.8218436,16.281312
75337,46.1457428,15.0815915
75345,45.6070321,13.9431163
75353,46.0008912,14.0211689
75361,45.9594889,14.5278816
75370,45.5638933,14.2447853
75388,45.9385633,14.804002
75396,45.5370546,13.6589197
75400,46.4319811,14.0629742
75418,46.4852314,15.9673707
75426,46.2263858,14.6118151
75434,46.0853943,13.6345501
75442,46.4058068,15.7953707
75450,46.2475642,13.5791703
75469,46.6866993,16.3909349
75477,45.6431113,14.8550093
75485,45.8171506,13.7463948
75493,45.5490231,13.7297701
75507,46.0715854,15.5560109
75515,46.2431349,14.3557415
75523,46.4853676,13.7848126
75531,45.9665825,15.4853397
75540,46.6375885,15.6101475
75558,46.8351568,16.0782717
75566,46.1540221,15.235297
75574,46.5758981,15.8305068
75582,46.563711,16.4528493
75590,46.0568175,14.8315234
75604,46.0499335,14.5067506
75612,46.3434109,14.8339824
75620,46.5176528,16.1949459
75639,45.9176752,14.2226476
75647,45.7168842,14.4694447
75655,45.7006213,14.5914619
75663,46.3564041,14.7441566
75671,46.1697493,14.6919736
75680,46.3492183,15.736161
75698,46.5625475,15.6499776
75701,46.1404316,14.4147329
75710,46.1649498,14.5714636
75728,45.6503165,15.3174127
75736,46.5211588,14.8525517
75744,45.8920406,13.6062179
75752,46.4444407,15.1976227
75760,46.1361394,14.7440239
75779,46.6851335,16.2165707
75787,46.3405884,14.9651944
75795,46.6627326,16.163722
75809,46.6090785,15.1633637
75817,46.276319,14.3153353
75825,46.3208182,14.9499426
75833,45.957169,13.6488109
75841,45.9309501,13.640778
75850,45.8052949,15.1633681
75868,46.5872947,16.2767026
75876,46.4072027,16.1472411
75884,45.5292672,14.6989568
75892,46.6077828,15.6755804
75906,45.5287349,13.5682064
75914,45.6826665,14.1965778
75922,46.1565185,15.5970865
75930,46.5897171,15.3289045
75949,45.7754308,14.2139857
75957,46.3017524,14.4217093
75965,46.4195663,15.8717954
75973,46.7047789,16.1541102
75981,46.4521974,15.6793663
75990,46.0662751,15.1820963
76007,46.6413308,16.0432568
76015,46.6145074,15.2245651
76023,46.3437319,14.1718121
76031,46.5441853,14.962997
76040,45.7404311,14.7259271
76058,46.8054206,16.0360384
76066,46.2327461,15.6388649
76074,46.2305456,15.6975253
76082,46.5387678,15.5149597
76090,45.6518844,15.1803764
76104,46.0056937,15.3155628
76112,45.7090839,13.8733547
76120,46.5101209,15.077594
76139,46.392912,15.5741946
76147,46.3370246,15.4216382
76155,46.4661959,15.7674003
76163,46.5709785,16.0231294
76171,46.2436291,14.4172305
76180,46.6785568,15.6534947
76198,45.8439639,15.3389627
76201,46.2172659,15.3935771
76210,45.9084916,15.2877211
76228,46.16477,14.3068329
76236,45.9837836,14.5760664
76244,46.2290562,15.5198819
76252,46.3293563,15.0329409
76260,46.3776865,15.0459923
76279,46.2221025,15.3205824
76287,46.1825143,13.7318113
76295,46.1562525,15.0544078
76309,45.9077894,15.0078214
76317,46.3635091,14.3087236
76325,46.6248778,16.3168435
76333,46.3590304,15.1152817
76341,45.8336441,14.6366124
76350,46.3688509,15.9022815
76368,45.845509,13.9616561
76376,46.3812526,15.2943829
76384,46.1870521,14.4912886
76392,46.2897817,15.303849
76406,45.9659976,14.2983166
76414,46.6003071,15.1644493
76422,46.1344284,14.9964
76430,46.3906576,16.0494846
76449,46.3696514,15.3908421
76457,46.2251083,14.1731874
76465,46.0473498,14.1095573
76473,46.607432,15.8899559
76481,46.0574538,15.6632506
76490,45.7738421,14.5066048
76503,46.2873487,15.0403545
76511,46.7178634,16.0193047
76520,46.5670164,15.9429905
76538,46.1372584,15.3942348
76546,46.3356145,15.225995
76554,46.6513295,16.3520817
76562,45.7559779,15.0600093
76570,46.8025828,16.0906636
76589,46.4076628,15.8371255
76597,46.4989506,15.6465511
76600,46.8275667,16.3252599
76619,46.0225378,14.2986269
76627,46.3946635,14.5008135
76635,46.2065147,14.5388216
76643,45.4727469,14.8747701
76651,46.5628011,16.139214
76660,46.5410983,15.3898299
76678,46.3938974,15.9302703
76686,46.5022629,15.7041029
76694,45.8589691,15.0835414
76708,46.3868598,15.4439956
76716,46.3430519,15.8763507
76732,46.2368912,15.093334
76740,46.5461171,14.9177698
76759,46.5172663,16.2726337
76767,46.5355964,15.2671273
76775,46.5514023,15.4927536
76783,45.7626882,14.6373409
76791,46.4201656,14.6917301
76805,46.6470838,15.8437408
76813,46.5271925,15.932241
76821,46.2346626,15.0145643
76830,46.5196982,15.8860236
76848,46.136796,14.5632105
76856,46.5733656,16.3447257
76864,46.5804811,16.1645571
76872,46.2459117,14.9533659
76880,46.2503716,15.1644008
76899,46.2742856,15.791546
76902,46.4042473,14.1353207
76910,45.8307538,14.9300358
76937,46.0441505,14.8416167
76945,46.6974933,15.9086944
76953,46.3442693,15.9949199
76961,45.8437618,15.4210985
76970,46.3173683,15.6670704
76988,45.9423018,15.1451021
76996,46.3136445,15.578647
77003,45.9017356,13.6782559
77011,46.3968373,16.2717094
77020,45.782698,15.0730526
77038,46.5753792,15.8765075
77046,46.4825908,16.0785498
77054,45.8684095,15.2299918
77062,46.3807112,14.0688371
77070,46.0179638,14.3848867
77089,46.3248421,14.9226463
77097,46.6062446,15.7838451
77100,45.9771086,15.0910704
77119,45.9510924,15.0621332
78000,45.8870227,13.9063942
78018,45.9056748,13.7804663
78026,45.8709901,13.8079395
78034,45.8708641,13.9471298
78042,45.8850835,13.8835929
78050,45.8809016,14.002556
78069,45.9109684,13.7739184
78077,45.8841951,13.8429955
78085,45.8765824,13.9355022
78093,45.8244708,13.8451599
78107,45.9027956,13.7952373
78115,45.8969235,13.8270206
78123,45.9058451,13.8807648
78131,45.9244492,13.9254164
78140,45.8629627,13.8859762
78158,45.8649549,14.0593476
78166,45.9444346,13.887799
78174,45.8907164,13.7894266
78182,45.8893517,13.8436513
78190,45.8838311,13.8431676
78204,45.8529883,13.8336519
78212,45.8702307,13.8926661
78220,45.8827432,13.8486067
78239,45.880913,13.8610274
78247,45.9007533,13.8177118
78255,45.8796891,13.9163953
78263,46.6060116,16.2354595
78271,46.6164583,16.2145843
78280,46.6011051,16.1793256
78298,46.627175,16.2500348
78301,46.5847154,16.2178697
78310,46.6052061,16.2880524
78328,46.6232417,16.229261
78336,46.5692755,16.2363407
78344,46.272862,13.9514899
78352,46.3046429,13.9838569
78360,46.2966768,13.9281819
78379,46.2876464,13.8943412
78387,46.338281,13.5522291
78395,46.3307616,13.5837956
78409,46.33649,13.5801088
78417,46.4048174,13.6014466
78425,46.3803208,13.7528308
78433,46.2921428,13.4984009
78441,46.3026965,13.4821162
78450,45.985378,13.5207927
78468,45.9525103,15.5842001
78476,46.0152299,15.6941172
78484,45.8919875,15.6017546
78492,45.9037348,15.592343
78506,45.919088,15.6222855
78514,45.9209883,15.5929143
78522,45.8846119,15.5231047
78530,45.8952394,15.6590467
78549,45.9561878,15.6279493
78557,46.4367047,14.0526057
78565,45.8538928,15.6617742
78573,45.930976,15.6778571
78581,45.8776186,15.5817118
78590,45.9038692,15.551652
78603,45.891696,15.57164
78611,45.8860229,15.5691915
78620,46.0118789,15.5596648
78638,46.0045758,15.6475885
78646,45.9897878,15.5923603
78654,46.2363378,15.272942
78662,46.2311214,15.2592602
78670,46.2150596,15.2658389
78689,46.2290255,15.2695287
78697,46.2369657,15.2652971
78700,46.2301331,15.2623136
78719,46.246203,15.2634347
78727,46.2364136,15.2529015
78735,46.2345762,15.2531778
78743,46.2510007,15.2755253
78751,46.246203,15.2634347
78760,46.2432805,15.2524946
78778,46.2586886,15.3217905
78786,46.240967,15.2406189
78794,46.250988,15.2476658
78808,46.2687937,15.2893207
78816,46.2967432,15.2424675
78824,46.2289305,15.3026755
78832,46.2527036,15.2932336
78840,46.149175,13.9060488
78859,46.1286521,13.9888709
78867,46.1531485,13.9830026
78875,46.1592247,14.0403806
78883,46.1453395,13.9406508
78891,46.0803233,13.9877813
78905,46.1101155,14.0137402
78913,46.1221355,13.9571437
78921,46.093409,13.9528128
78930,46.0896845,13.9172032
78956,46.5720029,16.2877346
78964,46.4858185,14.8715807
78972,45.5219662,15.311976
78980,45.5727627,15.1790934
78999,45.6123802,15.1592048
79006,45.5721715,15.1398168
79014,45.5723633,15.1921233
79022,45.5723633,15.1921233
79030,45.575272,15.1901156
79049,45.5213211,15.1779726
79057,45.6088898,15.2606643
79065,45.4965217,15.0782651
79073,45.459712,15.251748
79081,45.4494946,15.1652919
79090,45.6399902,14.0519548
79103,45.6829466,13.9708704
79111,45.6565185,14.0301417
79120,45.7204075,14.0400604
79138,45.6571748,14.0286377
79146,46.0883524,14.2542431
79154,46.0542455,14.4175072
79162,46.0652381,14.3148102
79170,46.150558,14.6273558
79189,46.1378194,14.5908862
79197,46.1378194,14.5908862
79200,46.1378194,14.5908862
79219,46.0864357,14.6398153
79227,46.1796363,14.5947392
79235,46.1187829,14.6186268
79243,46.1488585,14.5908279
79251,46.1487854,14.6613125
79260,46.168262,14.5972958
79278,46.177918,14.610448
79286,46.1804973,14.6321463
79294,46.1473511,14.6102407
79308,46.5865624,15.0010313
79316,46.5866278,15.0243939
79324,46.5613557,15.0390347
79332,46.6007785,15.1064032
79340,46.1058371,14.1384431
79359,46.159653,14.1794935
79367,46.0619784,14.1960266
79375,46.1218805,14.1848219
79383,46.0851496,14.0379208
79391,46.0972341,14.1016197
79405,46.6975886,15.90981
79413,46.6587504,15.9933521
79421,46.6781672,15.9907914
79430,46.6083359,15.9363618
79448,46.6515198,15.9263083
79456,46.5910435,15.9795369
79472,46.8048077,16.2175713
79480,46.7797582,16.2310367
79499,46.8182201,16.2045817
79502,45.9571465,14.6529199
79510,45.9791693,14.6993976
79529,45.9252959,14.6222249
79537,45.8902579,14.7316261
79545,45.9319622,14.655745
79553,45.877873,14.6112304
79561,45.9758816,14.6122579
79570,45.9027506,14.6901436
79588,45.939817,14.6753651
79596,45.9566206,14.6604022
79600,46.0321156,14.2254115
79618,45.5999901,14.0047948
79626,45.5537137,14.0624436
79634,45.6070321,13.9431163
79642,45.6070321,13.9431163
79650,45.5781631,14.0008518
79669,45.5809291,13.9959503
79677,45.6136652,13.911789
79685,45.5428876,14.0850387
79693,46.0124796,15.5774138
79707,45.5909566,13.9079809
79715,45.5730642,13.9376232
79723,45.6259445,13.9792373
79731,45.5707278,14.0448404
79740,45.596734,14.0857289
79758,45.6276716,13.930542
79790,46.0029454,14.0278459
79839,46.0029454,14.0278459
79863,45.5462927,14.2616547
79871,45.5705491,14.2422903
79880,45.552757,14.2348311
79898,45.5490111,14.280758
79901,45.5713891,14.2408664
79910,45.5535192,14.1941676
79928,45.5713891,14.2408664
79936,45.4999136,14.2723461
79944,45.6251217,14.2444951
79952,45.5233956,14.3299819
79960,45.4926574,14.3092293
79979,45.6046291,14.1835748
79987,45.5202645,14.1459508
79995,45.499306,14.1938664
80004,45.5416713,14.119272
80012,45.6041605,14.1818806
80020,45.6062899,14.179387
80039,45.6262285,14.2384298
80047,45.5195973,14.3517108
80055,45.954535,14.8063683
80063,45.9385633,14.804002
80071,45.9800741,14.8077597
80080,45.9018576,14.7987769
80098,45.8827673,14.7853607
80101,45.9466899,14.8460509
80110,45.9535522,14.8382241
80128,45.9466774,14.8453153
80136,45.9858945,14.8756522
80144,45.9551009,14.7439518
80152,45.8267056,14.8147462
80160,45.8600321,14.8343623
80179,45.4888784,13.6572375
80187,45.5383344,13.6576248
80195,45.5293924,13.6369624
80209,45.5383344,13.6576248
80217,45.5321507,13.6636012
80225,46.4076964,14.0988589
80314,46.2634962,14.6712029
80322,46.2031961,14.593774
80330,46.2552482,14.6097174
80349,46.2359056,14.6836283
80357,46.2263858,14.6118151
80365,46.2257649,14.6139714
80373,46.2263858,14.6118151
80381,46.2340325,14.6137369
80390,46.216243,14.6034051
80403,46.2263858,14.6118151
80411,46.2134432,14.7583907
80420,46.2145644,14.887016
80438,46.230571,14.6267561
80446,46.2118303,14.5900517
80454,46.2263556,14.6788234
80462,46.2574771,14.6036217
80470,46.1900608,14.5956187
80489,46.2161539,14.844969
80497,46.2193892,14.7569682
80500,46.1894216,14.6078947
80519,46.2103815,14.671402
80527,46.1011598,13.6827019
80535,46.0532237,13.6139128
80543,46.0834028,13.7408869
80551,46.1280063,13.6488905
80560,46.0866187,13.6345573
80578,46.0893317,13.7290406
80586,46.0959841,13.6095585
80594,46.1098975,13.6707611
80608,46.2626209,13.4307492
80616,46.2622081,13.4247004
80624,46.2556074,13.6163611
80632,46.2321412,13.5943971
80640,46.2474329,13.5774763
80659,46.2465617,13.5307052
80667,46.2042636,13.6103133
80675,46.2367706,13.6080353
80683,46.2803665,13.5521076
80691,46.2247552,13.6452903
80705,45.6392225,14.8596449
80713,45.6459317,14.8798566
80721,45.6125939,14.8916755
80730,45.5748824,14.7995638
80748,45.4925233,15.0772684
80756,45.6700753,14.8405142
80764,46.1979217,14.7764552
80772,45.5791436,13.7362855
80780,45.5476089,13.7663492
80799,45.4843771,13.796573
80802,45.5494728,13.8703198
80810,45.5489877,13.8127441
80829,45.5025086,13.8744578
80837,45.453772,13.8553689
80845,45.5823739,13.755863
80853,45.5462911,13.7074528
80861,45.5468663,13.7301318
80870,45.5395724,13.7207234
80888,45.5250547,13.830119
80896,45.5329158,13.7277679
80900,45.5291243,13.7389618
80918,45.5070455,13.7991246
80926,45.5389959,13.7994043
80934,45.5095645,13.9669389
80942,45.4696946,13.9688621
80950,45.5691643,13.7898662
80969,45.5003545,13.7176887
80977,45.5186442,13.7779702
80985,45.500583,13.9327349
80993,46.1042105,15.5813819
81000,46.0715854,15.5560109
81019,46.1025786,15.5201519
81027,46.0479151,15.5801105
81035,46.0413303,15.5905872
81043,46.0913269,15.4759784
81051,46.2611056,14.282632
81060,46.2241376,14.3375731
81078,46.2607642,14.3899396
81086,46.2252126,14.3752514
81094,46.324657,14.3300375
81108,46.3187585,14.3458776
81116,46.2495681,14.3595258
81124,46.2480932,14.3510498
81132,46.2387823,14.3546616
81140,46.2340136,14.3532845
81159,46.2315479,14.346658
81167,46.2372499,14.3587733
81175,46.2475977,14.3687883
81183,46.2187764,14.3648639
81191,46.2538718,14.3394911
81205,46.2689928,14.3583808
81213,46.2372499,14.3587733
81221,46.2396257,14.3622224
81230,46.1887885,14.4035031
81248,46.2578791,14.211219
81256,46.2690155,14.3844795
81264,46.2385109,14.3063536
81272,46.295633,14.3473892
81280,46.3160079,14.3675748
81299,46.1966257,14.3310025
81302,46.4845293,13.7857145
81310,46.4678299,13.9480251
81337,45.9937943,15.4752896
81345,45.9988646,15.4300057
81353,46.039447,15.5358788
81361,45.8449724,15.4217164
81370,45.9659145,15.4857999
81388,45.9630922,15.3966236
81396,45.9439956,15.5463279
81400,45.9733426,15.452805
81418,45.9385377,15.4784574
81426,45.8969664,15.4558607
81434,45.9361576,15.4257003
81442,45.9178349,15.4838146
81450,45.8638324,15.4655322
81469,45.928485,15.3817303
81477,46.022505,15.4783939
81485,45.9767103,15.5449842
81493,46.1663366,15.3509162
81507,46.0921132,15.3361557
81515,46.1557344,15.2342335
81523,46.1444632,15.2434224
81531,46.1631971,15.1873715
81540,46.1238706,15.1949152
81558,46.143652,15.1744247
81566,46.1295866,15.2875067
81574,46.0852869,15.1726687
81582,46.6063814,15.7861748
81590,46.5954161,15.8637359
81612,46.5680809,15.8823064
81620,46.5991504,16.4257427
81639,46.5696626,16.4495433
81647,46.5824146,16.4483842
81655,46.5655063,16.4519367
81663,46.5539848,16.4353014
81671,46.5668631,16.4510758
81680,46.6516758,16.3429113
81698,46.5564377,16.4029499
81701,46.5503892,16.3582565
81710,46.5627687,16.4535283
81728,46.5640186,16.4509648
81736,46.5635879,16.4529408
81744,46.5674477,16.4682061
81752,46.5536676,16.4678491
81760,46.5366825,16.5023948
81779,46.5524019,16.4714046
81787,46.6433635,16.3523739
81795,46.0303401,15.022009
81809,46.0006975,14.9868309
81817,46.091883,14.8337652
81825,46.1020674,14.7855399
81833,46.0982295,14.9737645
81850,46.1034173,14.7891318
81876,46.0577831,14.8317151
81884,46.0655833,14.9623705
81906,46.1023907,14.7912019
81914,46.0883721,14.8932984
81925,46.0163142,14.8269033
81935,46.0457437,14.8410058
81957,46.1195615,14.8376241
81973,46.5201351,16.1510542
81981,46.5499633,16.2116659
81990,46.5176528,16.1949459
82007,46.5228582,16.0532154
82015,46.5224879,16.0521388
82023,46.503623,16.1477903
82031,46.5106501,16.2243486
82040,46.5498363,16.1790408
82058,46.4974024,16.1951377
82066,45.9301677,14.1413619
82074,45.8672632,14.2620128
82082,45.9090151,14.2024154
82090,45.9163025,14.2285354
82104,45.9861948,14.1789543
82112,45.9544572,14.206719
82120,45.9818447,14.1709066
82139,46.6681523,16.1374801
82147,46.6740769,16.114233
82155,46.1784834,14.8151732
82163,46.1935021,14.7759826
82171,46.1681878,14.7474423
82180,46.1697493,14.6919736
82198,46.1612289,14.6757295
82201,46.173015,14.6736972
82210,46.1882465,14.8859059
82228,46.1928887,14.7150633
82236,46.566752,15.5765981
82244,46.5735086,15.6159175
82252,46.5550804,15.5820777
82260,46.5553881,15.6952557
82287,46.5376891,15.6113261
82295,46.5183005,15.6343602
82309,46.5468754,15.6653192
82317,46.5508567,15.63788
82325,46.5574488,15.6539721
82333,46.5425742,15.6308241
82341,46.5603666,15.6499745
82350,46.5417419,15.6436038
82368,46.5512387,15.6215913
82376,46.5622618,15.6367521
82384,46.5358168,15.6873408
82392,46.5284329,15.6804315
82406,46.5479071,15.5938584
82414,46.1418167,14.4097835
82422,46.1420804,14.3744033
82430,46.1501269,14.3891577
82449,46.1338906,14.4171039
82457,46.1414114,14.3955982
82465,46.1373775,14.4338159
82473,46.1675623,14.4346181
82481,46.6784641,16.1383589
82490,46.1570656,14.4172509
82503,45.6107898,15.2573543
82511,45.6155962,15.2474693
82520,45.6147575,15.247631
82538,45.6460488,15.374723
82546,45.6664626,15.3687796
82554,45.67845,15.3049407
82562,45.670859,15.2834834
82570,45.6904732,15.3507754
82589,45.65209,15.3365298
82597,45.6750993,15.3350625
82600,45.6505431,15.317214
82619,45.707687,15.2393365
82627,45.6893797,15.2755949
82635,45.8938146,13.6376755
82643,45.8432699,13.642732
82651,45.8920406,13.6062179
82660,45.8965832,13.6082863
82678,45.844003,13.6409735
82686,45.8452954,13.67495
82694,45.8439897,13.6414395
82708,46.7214886,16.2267706
82716,46.6703448,16.279491
82724,46.6644759,16.3017497
82732,46.7382429,16.2452133
82740,46.734474,16.2036141
82759,46.685659,16.1889334
82767,46.6914132,16.2254755
82775,46.737863,16.3193042
82783,46.6704192,16.2113661
82791,46.7424574,16.3089859
82805,46.7397868,16.313689
82813,46.7039035,16.1983638
82821,46.7381112,16.3125394
82830,46.6811799,16.2441976
82848,46.3392772,14.9599807
82856,46.323974,14.9223557
82864,46.6626983,16.1713296
82880,46.6357144,16.1348026
82899,46.6835956,16.1647956
82902,46.6614848,16.1635967
82910,46.6614848,16.1635967
82929,46.6614848,16.1635967
82937,46.6614848,16.1635967
82945,46.6614848,16.1635967
82953,46.6794473,16.1762398
82961,46.6597066,16.1656566
83003,46.0530969,13.7109568
83011,45.8597446,13.78736
83020,45.9017356,13.6782559
83038,46.0489061,13.7931216
83046,45.8865009,13.7361007
83054,45.8868519,13.7028238
83062,45.9993785,13.6743962
83070,45.9979739,13.6731961
83089,45.9569416,13.6754274
83097,46.0480612,13.7666872
83100,45.9709157,13.7391167
83119,46.668471,16.1309951
83127,45.9422119,13.6435082
83135,45.9729598,13.6488168
83143,45.9297656,13.7463288
83151,45.929638,13.7447629
83160,45.8910778,13.7122943
83178,45.9931505,13.6717797
83186,45.8899017,13.6699218
83194,45.9280802,13.7422865
83208,45.9728518,13.7414592
83216,45.9111231,13.672492
83224,45.809812,15.2602063
83232,45.7784744,15.2678557
83240,45.8293263,15.1544654
83259,45.7617362,15.2475513
83267,45.7609081,15.1510932
83275,45.8234232,15.2022053
83283,45.7354299,15.2033549
83291,45.8129558,15.1217883
83305,46.6540181,16.1367432
83313,45.8139561,15.1549723
83321,45.8034047,15.1701214
83330,45.7996512,15.1538777
83348,45.786807,15.1796813
83356,45.7990892,15.1689109
83364,45.8118397,15.1724497
83372,45.81159,15.1640807
83380,45.8034231,15.1738983
83399,45.7830301,15.1701826
83402,45.792155,15.1624489
83410,45.79978,15.1820292
83429,45.8336919,15.2198999
83437,45.7695741,15.2064586
83470,45.7226699,15.1142879
83488,46.4588801,16.1560415
83496,46.4556506,16.253166
83500,46.4591136,16.2120032
83518,46.4085584,16.1487842
83526,46.4273927,16.0572555
83534,46.3959282,16.2704915
83550,46.4180598,16.1109968
83569,46.6276762,15.7354663
83577,46.6296645,15.6980743
83585,46.5783998,15.7263284
83593,46.6085924,15.672985
83607,45.5054774,13.6023049
83615,45.4762464,13.6399225
83623,45.4762464,13.6399225
83631,45.5290529,13.5672145
83640,45.5137203,13.5942492
83658,45.475268,13.6185749
83666,45.524765,13.6089614
83674,45.4762464,13.6399225
83712,46.2241531,14.3795264
83720,45.5933461,13.9257259
83739,46.1514878,15.5975377
83747,46.1502244,15.5630208
83755,46.1045149,15.5790342
83763,46.1914238,15.5997082
83771,46.1292555,15.5595728
83780,45.8208651,14.1393732
83798,45.7770336,14.153648
83801,45.7723964,14.1400055
83810,45.7608804,14.1176384
83828,45.7932636,14.1337277
83836,45.8278316,14.2498534
83844,45.7764174,14.2112984
83852,45.7293234,14.1840833
83860,45.7569857,14.0636427
83879,45.8244678,14.1797439
83887,45.7948478,14.1203513
83895,45.7710104,14.0753952
83909,46.4580001,15.8408163
83917,46.4327392,15.8907668
83925,46.4195663,15.8717954
83933,46.42439,15.8607962
83941,46.4192931,15.8696747
83950,46.4169776,15.8906111
83968,46.4270137,15.8738099
83976,46.7407721,16.0898932
83984,46.7339818,16.1950234
83992,46.7059215,16.153295
84000,46.7388971,16.1841647
84018,46.7069317,16.153339
84034,46.7047789,16.1541102
84042,46.7268697,16.1371283
84050,46.7296628,16.1696877
84069,46.7283129,16.0826711
84077,46.4535363,15.6384024
84085,46.4521974,15.6793663
84093,46.0645976,15.1236348
84107,46.0651242,15.1624086
84115,46.0642541,15.0978162
84123,46.0403578,15.2207113
84131,46.6192415,16.0342688
84140,46.6413308,16.0432568
84158,46.6145074,15.2245651
84166,46.5918795,15.3349232
84174,46.5953991,15.2319718
84182,46.5586966,15.2093392
84190,46.375715,14.1981589
84204,46.3275341,14.232338
84212,46.3164476,14.1940704
84220,46.2919512,14.2057474
84239,46.3068283,14.2171182
84247,46.3328909,14.1606959
84255,46.3634418,14.1603744
84263,46.3120565,14.2483729
84271,46.335801,14.2097962
84280,46.288876,14.2574623
84298,46.3437613,14.1710877
84301,46.2589585,15.5910262
84310,46.2380011,15.635098
84328,46.257389,15.6734966
84344,46.8055785,16.0345237
84352,46.8016061,16.0368654
84360,45.9922084,15.3898726
84379,46.0123727,15.2821074
84387,45.9856486,15.1859024
84395,46.0559294,15.2083639
84409,46.0126268,15.3018649
84417,45.971474,15.3500746
84425,45.9695742,15.2938927
84433,46.0119212,15.1680823
84441,45.9593531,15.1953971
84450,46.0507135,15.3630276
84468,45.7810953,13.8781915
84476,45.7193212,13.881406
84484,45.755852,13.8324777
84492,45.7647125,13.9081808
84506,45.6607482,13.9290253
84514,45.7741312,13.7828956
84522,45.6999893,13.932403
84530,45.7071855,13.8702857
84549,45.7952027,13.9034624
84557,45.7388374,13.9280878
84565,45.7557908,13.8338713
84573,45.7672074,13.977697
84590,46.4116701,15.4555961
84603,46.3479015,15.59312
84611,46.3881436,15.6279275
84620,46.3173644,15.6670441
84638,46.3141609,15.5784672
84654,46.3691997,15.5199854
84662,46.3996504,15.5576938
84670,46.3918265,15.5736765
84689,46.393796,15.5602397
84697,46.3936753,15.5737825
84700,46.4135345,15.6370756
84719,46.4044223,15.5388923
84727,46.4453612,15.5382657
84735,46.3890548,15.5143374
84743,46.3929964,15.5084188
84751,46.4269459,15.6107849
84760,46.3627439,15.4348359
84778,46.3463835,15.4140742
84786,46.3273996,15.4804526
84794,46.3219979,15.517125
84808,46.3245788,15.4491214
84816,46.3011983,15.4962231
84824,46.3442761,15.3913595
84832,46.3394839,15.4301651
84840,46.3293818,15.3159949
84859,46.3468649,15.5006341
84867,46.3092089,15.4154295
84875,46.3442345,15.472725
84883,46.3460204,15.4365995
84891,46.2992647,15.5271034
84905,46.3552782,15.3869578
84913,46.3150548,15.4756174
84921,46.2400134,15.3489414
84930,46.2702421,15.3947273
84948,46.1669243,15.3886755
84956,46.1586381,15.5141772
84964,46.1038904,15.4062001
84972,46.2535696,15.4451779
84999,46.187003,15.4295829
85006,46.2166358,15.394373
85022,46.2235364,14.2066048
85030,46.1665912,14.3536011
85057,46.1571198,14.3670659
85073,46.1702465,14.3296726
85081,46.16477,14.3068329
85090,46.16477,14.3068329
85103,46.1730641,14.2947268
85120,46.2218604,15.5845498
85138,46.2383691,15.5653435
85146,46.25702,15.5292337
85154,46.1856512,15.4934505
85162,46.2249887,15.4635375
85170,46.2290562,15.5198819
85189,46.1620357,15.519369
85197,46.1916368,15.5554189
85200,46.3776865,15.0459923
85219,46.1870765,15.3034366
85243,46.0943761,13.8395857
85251,46.2011373,13.6992595
85260,46.0278682,13.8419554
85278,46.1566065,13.8646631
85286,46.17432,13.9140238
85294,46.2132908,13.6381445
85308,46.1600466,13.8234109
85316,46.1685171,13.7713208
85324,46.1512177,13.7455953
85332,46.1217623,13.8292568
85340,46.2112264,13.9680896
85359,46.1797256,13.7531962
85367,46.1312233,13.8240787
85375,46.1566033,13.8646997
85383,46.1188083,13.8055606
85391,46.2139984,13.9727552
85405,46.1172842,13.8692732
85413,46.1827074,13.7325774
85421,46.1523697,13.7445128
85430,46.2098543,13.6716036
85448,46.1756763,13.7077042
85456,46.1939139,13.7278876
85464,46.1106589,15.0588628
85472,45.8763195,14.9782368
85480,45.8977767,14.9522282
85499,45.8754513,14.9754044
85510,45.9426521,15.1455616
85529,45.9769612,15.0909889
85537,45.9076849,15.0067374
85553,45.9075477,15.0149939
85561,45.9303783,15.0008929
85570,45.9078654,15.0023766
85588,45.9704254,14.96013
85596,45.9409756,14.9460404
85600,45.9311384,14.9703093
85618,45.9346067,14.9081215
85626,45.8958108,14.8891517
85634,46.3539625,14.2892932
85642,46.3570671,14.2755759
85650,46.3984153,14.3448128
85669,46.3398194,14.2818832
85677,46.3396362,14.2994094
85685,46.354464,14.2544044
85693,46.3667393,14.3350726
85707,46.3999776,14.2827986
85715,46.3484642,14.2964903
85723,46.3301765,14.2993353
85731,46.3321537,14.3167555
85740,45.8651967,15.1394579
85758,46.3688237,14.3068397
85782,46.6348893,16.295303
85790,46.625456,16.3144961
85804,46.3965703,15.1368966
85820,46.3835733,15.1567848
85839,46.410167,15.1071127
85847,46.3355864,15.1225991
85855,46.3871963,15.1073348
85863,46.3657041,15.0851326
85871,46.3671364,15.1029892
85880,46.3691989,15.1215449
85898,46.3568516,15.1320927
85901,46.3580477,15.1090145
85910,46.3564737,15.145854
85928,46.3642876,15.121027
85936,46.3643272,15.1296437
85944,46.34182,15.1741241
85952,46.3292396,15.9362724
85960,46.3591425,15.7573818
85979,46.3688509,15.9022815
85987,46.374511,15.7793201
85995,45.8325111,13.909211
86002,45.8206477,13.9244727
86010,45.8353788,13.9644369
86029,45.7971352,13.9696791
86045,45.7973702,13.9727867
86053,45.8071697,13.9484223
86061,45.8396148,13.9332592
86070,45.8472857,13.9615111
86088,45.8645623,13.9623496
86096,45.8268805,13.9379323
86100,46.3320622,15.3157264
86118,46.3122145,15.2853121
86126,46.2897817,15.303849
86134,45.9813518,14.3539171
86142,45.9748009,14.3347829
86150,45.8882245,14.353838
86169,46.0082081,14.3592112
86177,46.1696293,14.6907259
86185,45.9965682,14.3326451
86193,45.9944908,14.3023138
86207,46.0064151,14.223569
86215,45.9454827,14.2887152
86223,45.9560811,14.3028053
86231,45.9749339,14.2818533
86240,45.9631297,14.2960999
86258,45.9631297,14.2960999
86266,45.9631297,14.2960999
86274,45.9671944,14.233228
86282,46.1796721,14.945148
86290,46.1545009,14.9303391
86304,46.1458099,14.8803932
86312,46.139883,14.961652
86320,46.0694297,15.0345156
86339,46.1880081,14.9082361
86355,46.1317887,14.9959192
86363,46.1373989,15.0026713
86371,46.131885,15.0172726
86380,46.1349218,14.9940669
86398,46.1536787,14.9989427
86401,46.354363,15.4061144
86410,46.4028562,15.3918376
86428,46.4255999,15.3527542
86436,46.3617788,15.3637286
86444,46.3696514,15.3908421
86452,46.2860459,15.1975238
86460,46.2583374,15.1562889
86479,46.2306151,15.1578642
86487,46.2229524,15.1840083
86495,46.2449237,15.188283
86509,46.3112911,15.1437786
86517,46.2568413,15.1191183
86525,46.2439476,15.1512296
86533,46.2507039,15.1645131
86541,46.1799873,14.0331851
86550,46.2532226,14.1754812
86568,46.16477,14.3068329
86576,46.2239428,14.2037886
86584,46.2225305,14.2077237
86592,46.2189261,14.0293425
86606,46.2222337,14.1569687
86614,46.3674691,14.1108206
86630,46.388438,14.1059091
86649,46.3516732,14.1222696
86657,46.3436236,14.0659518
86665,45.973073,14.4216513
86673,46.0095435,14.4154702
86681,45.9894784,14.4027237
86690,45.890917,14.4409839
86762,46.6194275,14.949388
86940,45.5634974,14.245289
86967,45.5395724,13.7207234
86983,46.0836342,14.8905057
87033,46.0944525,14.3689316
87050,46.1158915,14.4195785
87130,46.3481604,14.2058616
87149,46.0508534,14.5102674
87173,46.5526183,14.9895491
87467,46.4380244,14.9644926
87475,46.3991732,15.0795296
87483,46.3635276,15.055368
87491,46.4009436,15.0207062
87505,46.3888414,15.0080277
87513,46.3995085,15.065883
87521,46.4243249,15.0163088
87530,46.4114993,14.9603722
87661,46.3787226,15.8901373
87670,46.3549457,15.9434728
87688,46.369311,15.9021061
87696,46.3688509,15.9022815
87742,46.6456748,16.3518965
87750,46.6449988,16.3519617
87769,46.6513295,16.3520817
87866,46.2462204,15.1886735
87882,45.9554299,13.6444527
87890,46.3612656,14.3071737
88056,45.5782295,14.1322091
88765,46.4126282,15.3419275
88773,45.8268805,13.9379323
88790,46.4900811,13.8375562
88803,46.0536467,14.502363
88811,46.0981067,14.4645167
88820,46.0646651,14.5132903
88838,46.0352497,14.5260406
88846,46.0896262,14.5088357
88862,46.0389845,14.4725796
88870,46.1190354,14.4640106
88889,46.0721457,14.5444658
88897,46.0476256,14.5453014
88900,46.0712487,14.4911091
88919,46.0800421,14.4734475
88927,46.0542632,14.5329163
88935,46.0405439,14.4992968
88943,46.0359773,14.5963452
88951,46.1029063,14.531188
88960,46.053267,14.5830819
88978,45.6412507,14.2247639
88986,46.3562827,15.1025018
88994,46.3437434,15.0991914
89001,46.0598314,14.8504332
89010,46.1520865,13.7452975
89028,46.6313516,16.1190747
89036,45.7124764,14.1787839
89044,46.542855,16.4626582
89052,46.4130937,15.9104047
89060,46.2172659,15.3935771
89079,46.210379,15.4343464
89087,46.2160389,15.3938244
89095,46.2773773,15.5126149
89117,46.3763099,14.0911702
89125,45.8970281,13.6074666
89133,45.944702,15.5297634
89141,45.5741891,15.1904626
89150,46.1105127,14.9351428
89168,46.1044964,14.9069951
89176,45.6155962,15.2474693
89184,45.7508657,14.1527807
89192,46.4195663,15.8717954
89206,45.7410998,14.7255031
89214,46.4319811,14.0629742
89222,46.4319811,14.0629742
89230,45.9293476,13.6409608
89249,45.9665459,14.2985027
89257,46.2892554,15.3038748
89265,45.957169,13.6488109
89273,46.2897817,15.303849
89281,45.7559779,15.0600093
89290,46.2431349,14.3557415
89303,45.5707701,15.1928651
89311,46.338281,13.5522291
89320,45.7090839,13.8733547
89338,46.2431349,14.3557415
89346,45.4727469,14.8747701
89354,46.560276,15.6427539
89362,45.9423018,15.1451021
89370,46.3687814,14.1097395
89389,46.0568175,14.8315234
89397,45.963997,15.4866502
89400,46.2295294,15.5207109
89419,45.7090839,13.8733547
89427,46.5441853,14.962997
89435,46.6060116,16.2354595
89443,46.3590304,15.1152817
89451,45.7792194,14.2200458
89460,46.2294211,15.2619059
89478,46.134702,14.5639589
89486,45.8442085,15.3369373
89494,46.5335146,15.6603794
89508,45.9571465,14.6529199
92002,46.5893162,15.0244388
92010,46.6733695,15.993594
92029,45.9594304,14.6531512
92037,46.1398902,15.0855966
92045,46.0021285,14.0305533
92053,45.5684122,14.242767
92061,45.937644,14.805269
92070,45.5348578,13.6606087
92088,46.2204215,14.6123913
92096,45.6393638,14.8655125
92100,45.5488057,13.7312311
92118,46.2486668,14.3529809
92126,45.9444675,15.4861752
92134,46.1544998,15.2372999
92142,46.5769725,15.8293087
92150,46.5584163,16.4574718
92169,46.0538901,14.8365657
92177,46.0466401,14.4990503
92185,46.0566291,14.5149089
92215,46.5214215,16.1935357
92223,45.9170829,14.2281455
92231,46.559347,15.6516695
92240,45.6482757,15.3177072
92258,46.3174045,14.9465038
92266,46.6637553,16.1606324
92274,46.5366698,15.6597556
92282,45.9581227,13.6455684
92290,45.8015618,15.1631101
92304,46.4072425,16.1438257
92320,45.7722101,14.2103048
92339,46.4251339,15.8756584
92347,46.0656138,15.1806271
92355,46.6132724,15.2307826
92363,46.542663,14.9678241
92371,46.5427493,14.9673946
92380,45.7421466,14.7263894
92398,46.0105157,15.3018226
92401,45.7083821,13.8716811
92410,46.507046,15.0814414
92428,46.3955324,15.5625631
92436,46.3396709,15.4286665
92444,46.2145282,15.3937787
92452,46.2290698,15.5159944
92460,46.1837572,13.7347277
92479,46.1550176,15.0482231
92487,45.9084548,15.0070751
92495,46.3614074,15.1164618
92509,45.9630878,14.2936404
92517,46.1339757,14.9955513
92525,46.2509602,15.1619229
92533,46.0763196,14.4790679
92576,45.9583925,13.646474
92592,46.2372286,15.2596815
92606,45.544254,13.7318196
92614,46.2476738,14.3532341
92622,46.0516715,14.5065828
92630,46.0544743,14.5251078
92657,46.0546313,14.529703
92665,46.5366698,15.6597556
92673,46.6590801,16.1708799
92681,45.9421285,13.6389589
92690,45.8028791,15.1669265
92703,46.5431969,14.9672844
92762,46.1452848,14.4052538
92770,46.0535421,14.5254771
92785,46.6581381,16.1610293
96008,45.7375993,14.7286524
96024,46.05027,14.5150076
96032,46.0520118,14.4972211
96040,46.5572812,15.6514357
96059,45.9580679,15.4931838
96067,46.0660317,14.5092631
96075,46.0535247,14.5028274
96083,46.0572483,14.5083916
96091,46.062171,14.5090802
96121,46.0534041,14.5024755
97047,46.6623501,16.1641453
97105,46.2397495,15.2677063
97110,46.5596245,15.6478647
97217,45.5490231,13.7297701
97225,46.1542793,15.2359978
97241,46.0494378,14.515885
97250,46.5193583,16.197814
97276,45.957169,13.6488109
97284,46.5097834,15.080969
97390,46.6079153,16.2365127
97403,46.5731715,16.3444126
97411,46.5193583,16.197814
97519,45.957169,13.6488109
97608,46.8047535,16.2180722
